Position,Const,Created,Modified,Description,Title,Original Title,URL,Title Type,IMDb Rating,Runtime (mins),Year,Genres,Num Votes,Release Date,Directors,Your Rating,Date Rated
1,tt0164912,2023-04-25,2023-04-25,,"O Pequeno Stuart Little","Stuart Little",https://www.imdb.com/title/tt0164912/,Filme,6.0,84,1999,"Aventura, Comédia, Família, Fantasia",161586,2000-01-14,"Rob Minkoff",5,2023-04-25
2,tt0416236,2023-04-25,2023-04-25,,"As Crônicas de Spiderwick","The Spiderwick Chronicles",https://www.imdb.com/title/tt0416236/,Filme,6.5,96,2008,"Ação, Aventura, Drama, Família, Fantasia, Suspense",109654,2008-03-21,"Mark Waters",4,2023-04-25
3,tt0406375,2023-04-25,2023-04-25,,"Zathura: Uma Aventura Espacial","Zathura: A Space Adventure",https://www.imdb.com/title/tt0406375/,Filme,6.3,101,2005,"Ação, Aventura, Comédia, Família, Fantasia, Ficção científica",127562,2006-01-13,"Jon Favreau",2,2023-04-25
4,tt1155076,2023-04-25,2023-04-25,,"Karate Kid","The Karate Kid",https://www.imdb.com/title/tt1155076/,Filme,6.3,140,2010,"Ação, Drama, Família, Esportes",229125,2010-08-27,"Harald Zwart",7,2023-04-25
5,tt0396752,2023-04-25,2023-04-25,,"Nanny McPhee, a Babá Encantada","Nanny McPhee",https://www.imdb.com/title/tt0396752/,Filme,6.6,97,2005,"Comédia, Família, Fantasia",92405,2006-01-20,"Kirk Jones",1,2023-04-25
6,tt0405325,2023-04-25,2023-04-25,,"Sky High: Super Escola de Heróis","Sky High",https://www.imdb.com/title/tt0405325/,Filme,6.3,100,2005,"Ação, Comédia, Família, Ficção científica",101816,2005-10-07,"Mike Mitchell",2,2023-04-25
7,tt0227538,2023-04-25,2023-04-25,,"Pequenos Espiões","Spy Kids",https://www.imdb.com/title/tt0227538/,Filme,5.7,88,2001,"Ação, Aventura, Comédia, Família, Ficção científica",136979,2001-07-06,"Robert Rodriguez",6,2023-04-25
8,tt0287717,2023-04-25,2023-04-25,,"Pequenos Espiões 2: A Ilha dos Sonhos Perdidos","Spy Kids 2: Island of Lost Dreams",https://www.imdb.com/title/tt0287717/,Filme,5.3,100,2002,"Ação, Aventura, Comédia, Família, Ficção científica",78251,2002-11-01,"Robert Rodriguez",6,2023-04-25
9,tt0338459,2023-04-25,2023-04-25,,"Pequenos Espiões 3: Game Over","Spy Kids 3: Game Over",https://www.imdb.com/title/tt0338459/,Filme,4.4,84,2003,"Ação, Aventura, Comédia, Família, Ficção científica",71930,2003-10-10,"Robert Rodriguez",6,2023-04-25
10,tt0960731,2023-04-25,2023-04-25,,"Um Faz de Conta Que Acontece","Bedtime Stories",https://www.imdb.com/title/tt0960731/,Filme,6.0,99,2008,"Aventura, Comédia, Família, Fantasia, Romance, Ficção científica",106898,2009-01-23,"Adam Shankman",6,2023-04-25
11,tt1078912,2023-04-25,2023-04-25,,"Uma Noite no Museu 2","Night at the Museum: Battle of the Smithsonian",https://www.imdb.com/title/tt1078912/,Filme,6.0,105,2009,"Aventura, Comédia, Família, Fantasia",231307,2009-05-22,"Shawn Levy",5,2023-04-25
12,tt0963966,2023-04-25,2023-04-25,,"O Aprendiz de Feiticeiro","The Sorcerer's Apprentice",https://www.imdb.com/title/tt0963966/,Filme,6.1,109,2010,"Ação, Aventura, Família, Fantasia",177476,2010-08-13,"Jon Turteltaub",6,2024-07-15
13,tt0395699,2023-04-25,2023-04-25,,"Operação Babá","The Pacifier",https://www.imdb.com/title/tt0395699/,Filme,5.6,95,2005,"Ação, Comédia, Drama, Família",107684,2005-05-13,"Adam Shankman",6,2023-04-25
14,tt0477347,2023-04-25,2023-04-25,,"Uma Noite no Museu","Night at the Museum",https://www.imdb.com/title/tt0477347/,Filme,6.5,108,2006,"Aventura, Comédia, Família, Fantasia",414412,2007-01-12,"Shawn Levy",6,2023-04-25
15,tt0268380,2023-04-25,2023-04-25,,"A Era do Gelo","Ice Age",https://www.imdb.com/title/tt0268380/,Filme,7.5,81,2002,"Animação, Aventura, Comédia, Família",569849,2002-03-22,"Chris Wedge, Carlos Saldanha",8,2023-04-25
16,tt0438097,2023-04-25,2023-04-25,,"A Era do Gelo 2","Ice Age: The Meltdown",https://www.imdb.com/title/tt0438097/,Filme,6.8,91,2006,"Animação, Aventura, Comédia, Família",320775,2006-03-31,"Carlos Saldanha",5,2023-04-25
17,tt1080016,2023-04-25,2023-04-25,,"A Era do Gelo 3","Ice Age: Dawn of the Dinosaurs",https://www.imdb.com/title/tt1080016/,Filme,6.9,94,2009,"Animação, Aventura, Comédia, Família",288319,2009-07-01,"Carlos Saldanha, Michael Thurmeier",5,2023-04-25
18,tt1667889,2023-04-25,2023-04-25,,"A Era do Gelo 4","Ice Age: Continental Drift",https://www.imdb.com/title/tt1667889/,Filme,6.5,88,2012,"Animação, Aventura, Comédia, Família",245465,2012-06-29,"Steve Martino, Michael Thurmeier",4,2023-04-25
19,tt1323594,2023-04-25,2023-04-25,,"Meu Malvado Favorito","Despicable Me",https://www.imdb.com/title/tt1323594/,Filme,7.6,95,2010,"Animação, Aventura, Comédia, Policial, Família, Ficção científica",638510,2010-08-06,"Pierre Coffin, Chris Renaud",7,2023-04-25
20,tt0441773,2023-04-25,2023-04-25,,"Kung Fu Panda","Kung Fu Panda",https://www.imdb.com/title/tt0441773/,Filme,7.6,92,2008,"Animação, Ação, Aventura, Comédia, Família, Fantasia",587114,2008-07-04,"Mark Osborne, John Stevenson",8,2023-04-25
21,tt1302011,2023-04-25,2023-04-25,,"Kung Fu Panda 2","Kung Fu Panda 2",https://www.imdb.com/title/tt1302011/,Filme,7.3,90,2011,"Animação, Ação, Aventura, Comédia, Drama, Família, Fantasia",361814,2011-06-10,"Jennifer Yuh Nelson",9,2023-04-25
22,tt2267968,2023-04-25,2023-04-25,,"Kung Fu Panda 3","Kung Fu Panda 3",https://www.imdb.com/title/tt2267968/,Filme,7.1,95,2016,"Animação, Ação, Aventura, Comédia, Família, Fantasia",221978,2016-03-03,"Alessandro Carloni, Jennifer Yuh Nelson",5,2023-04-25
23,tt1646971,2023-04-25,2023-04-25,,"Como Treinar o Seu Dragão 2","How to Train Your Dragon 2",https://www.imdb.com/title/tt1646971/,Filme,7.8,102,2014,"Animação, Ação, Aventura, Comédia, Família, Fantasia",405635,2014-06-19,"Dean DeBlois",10,2023-04-25
24,tt0892769,2023-04-25,2023-04-25,,"Como Treinar o Seu Dragão","How to Train Your Dragon",https://www.imdb.com/title/tt0892769/,Filme,8.1,98,2010,"Animação, Ação, Aventura, Família, Fantasia",904400,2010-03-26,"Dean DeBlois, Chris Sanders",9,2023-04-25
25,tt2386490,2023-04-25,2023-04-25,,"Como Treinar o Seu Dragão 3","How to Train Your Dragon: The Hidden World",https://www.imdb.com/title/tt2386490/,Filme,7.4,104,2019,"Animação, Ação, Aventura, Comédia, Drama, Família, Fantasia",181999,2019-01-17,"Dean DeBlois",7,2023-04-25
26,tt1001526,2023-04-25,2023-04-25,,"Megamente","Megamind",https://www.imdb.com/title/tt1001526/,Filme,7.3,95,2010,"Animação, Ação, Aventura, Comédia, Policial, Família, Fantasia, Ficção científica",329124,2010-12-03,"Tom McGrath",7,2023-04-25
27,tt1772341,2023-04-25,2023-04-25,,"Detona Ralph","Wreck-It Ralph",https://www.imdb.com/title/tt1772341/,Filme,7.7,101,2012,"Animação, Aventura, Comédia, Família, Fantasia, Ficção científica, Esportes",503439,2013-01-04,"Rich Moore",7,2023-04-25
28,tt1453405,2023-04-25,2023-04-25,,"Universidade Monstros","Monsters University",https://www.imdb.com/title/tt1453405/,Filme,7.2,104,2013,"Animação, Aventura, Comédia, Família, Fantasia",429097,2013-06-21,"Dan Scanlon",8,2023-04-25
29,tt0198781,2023-04-25,2023-04-25,,"Monstros S.A.","Monsters, Inc.",https://www.imdb.com/title/tt0198781/,Filme,8.1,92,2001,"Animação, Aventura, Comédia, Família, Fantasia",1086068,2001-11-14,"Pete Docter, David Silverman, Lee Unkrich",7,2023-04-25
30,tt0266543,2023-04-25,2023-04-25,,"Procurando Nemo","Finding Nemo",https://www.imdb.com/title/tt0266543/,Filme,8.2,100,2003,"Animação, Aventura, Comédia, Família",1219790,2003-07-04,"Andrew Stanton, Lee Unkrich",8,2023-04-25
31,tt1049413,2023-04-25,2023-04-25,,"Up: Altas Aventuras","Up",https://www.imdb.com/title/tt1049413/,Filme,8.3,96,2009,"Animação, Aventura, Comédia, Drama, Família",1249557,2009-09-04,"Pete Docter, Bob Peterson",6,2023-04-25
32,tt0317705,2023-04-25,2023-04-25,,"Os Incríveis","The Incredibles",https://www.imdb.com/title/tt0317705/,Filme,8.0,115,2004,"Animação, Ação, Aventura, Família",911887,2004-12-10,"Brad Bird",8,2023-04-25
33,tt0114709,2023-04-25,2023-04-25,,"Toy Story","Toy Story",https://www.imdb.com/title/tt0114709/,Filme,8.3,81,1995,"Animação, Aventura, Comédia, Família, Fantasia",1192162,1996-01-12,"John Lasseter",6,2023-04-25
34,tt0910970,2023-04-25,2023-04-25,,"WALL·E","WALL·E",https://www.imdb.com/title/tt0910970/,Filme,8.4,98,2008,"Animação, Aventura, Família, Ficção científica",1335001,2008-06-27,"Andrew Stanton",8,2023-04-25
35,tt2096673,2023-04-25,2023-04-25,,"Divertida Mente","Inside Out",https://www.imdb.com/title/tt2096673/,Filme,8.1,95,2015,"Animação, Aventura, Comédia, Drama, Família, Fantasia",927488,2015-06-18,"Pete Docter, Ronnie Del Carmen",9,2023-04-25
36,tt0382932,2023-04-25,2023-04-25,,"Ratatouille","Ratatouille",https://www.imdb.com/title/tt0382932/,Filme,8.1,111,2007,"Animação, Aventura, Comédia, Família, Fantasia",959140,2007-07-06,"Brad Bird, Jan Pinkava",7,2023-04-25
37,tt0435761,2023-04-25,2023-04-25,,"Toy Story 3","Toy Story 3",https://www.imdb.com/title/tt0435761/,Filme,8.3,103,2010,"Animação, Aventura, Comédia, Família, Fantasia",985052,2010-06-18,"Lee Unkrich",9,2023-04-25
38,tt0110357,2023-04-25,2023-04-25,,"O Rei Leão","The Lion King",https://www.imdb.com/title/tt0110357/,Filme,8.5,88,1994,"Animação, Aventura, Drama, Família, Musical",1271410,1994-07-01,"Roger Allers, Rob Minkoff",9,2023-04-25
39,tt0120131,2023-04-25,2023-04-25,,"O Rei Leão 2: O Reino de Simba","The Lion King II: Simba's Pride",https://www.imdb.com/title/tt0120131/,Vídeo,6.4,82,1998,"Animação, Aventura, Drama, Família, Musical, Romance",83751,1999-05-05,"Darrell Rooney, Rob LaDuca",8,2023-04-25
40,tt0318403,2023-04-25,2023-04-25,,"O Rei Leão 3: Hakuna Matata","The Lion King 1½",https://www.imdb.com/title/tt0318403/,Vídeo,6.5,77,2004,"Animação, Aventura, Comédia, Família, Musical",51459,2004-03-17,"Bradley Raymond",7,2023-04-25
41,tt2380307,2023-04-25,2023-04-25,,"Viva: A Vida é uma Festa","Coco",https://www.imdb.com/title/tt2380307/,Filme,8.4,105,2017,"Animação, Aventura, Drama, Família, Fantasia, Musical, Mistério",720742,2018-01-04,"Lee Unkrich, Adrian Molina",5,2023-04-25
42,tt0398286,2023-04-25,2023-04-25,,"Enrolados","Tangled",https://www.imdb.com/title/tt0398286/,Filme,7.7,100,2010,"Animação, Aventura, Comédia, Família, Fantasia, Musical, Romance",551189,2011-01-07,"Nathan Greno, Byron Howard",7,2023-04-25
43,tt1217209,2023-04-25,2023-04-25,,"Valente","Brave",https://www.imdb.com/title/tt1217209/,Filme,7.1,93,2012,"Animação, Ação, Aventura, Comédia, Drama, Família, Fantasia, Mistério",483617,2012-07-20,"Mark Andrews, Brenda Chapman, Steve Purcell",5,2023-04-25
44,tt0120363,2023-04-25,2023-04-25,,"Toy Story 2","Toy Story 2",https://www.imdb.com/title/tt0120363/,Filme,7.9,92,1999,"Animação, Aventura, Comédia, Família, Fantasia",680562,1999-12-17,"John Lasseter, Ash Brannon, Lee Unkrich",8,2023-04-25
45,tt0126029,2023-04-25,2023-04-25,,"Shrek","Shrek",https://www.imdb.com/title/tt0126029/,Filme,7.9,90,2001,"Animação, Aventura, Comédia, Família, Fantasia, Romance",817937,2001-06-22,"Andrew Adamson, Vicky Jenson",8,2023-04-25
46,tt0479952,2023-04-25,2023-04-25,,"Madagascar 2","Madagascar: Escape 2 Africa",https://www.imdb.com/title/tt0479952/,Filme,6.7,89,2008,"Animação, Aventura, Comédia, Família",273910,2008-12-12,"Eric Darnell, Tom McGrath",7,2023-04-25
47,tt1436562,2023-04-25,2023-04-25,,"Rio","Rio",https://www.imdb.com/title/tt1436562/,Filme,6.9,96,2011,"Animação, Aventura, Comédia, Família, Musical, Romance",276390,2011-04-08,"Carlos Saldanha",8,2023-04-25
48,tt1277953,2023-04-25,2023-04-25,,"Madagascar 3: Os Procurados","Madagascar 3: Europe's Most Wanted",https://www.imdb.com/title/tt1277953/,Filme,6.8,95,2012,"Animação, Aventura, Comédia, Família",220179,2012-06-07,"Eric Darnell, Tom McGrath, Conrad Vernon",5,2023-04-25
49,tt0298148,2023-04-25,2023-04-25,,"Shrek 2","Shrek 2",https://www.imdb.com/title/tt0298148/,Filme,7.4,93,2004,"Animação, Aventura, Comédia, Família, Fantasia, Romance",561001,2004-06-18,"Andrew Adamson, Kelly Asbury, Conrad Vernon",7,2023-04-25
50,tt1690953,2023-04-25,2023-04-25,,"Meu Malvado Favorito 2","Despicable Me 2",https://www.imdb.com/title/tt1690953/,Filme,7.3,98,2013,"Animação, Aventura, Comédia, Policial, Família, Ficção científica",463792,2013-07-05,"Pierre Coffin, Chris Renaud",8,2023-04-25
51,tt0351283,2023-04-25,2023-04-25,,"Madagascar","Madagascar",https://www.imdb.com/title/tt0351283/,Filme,7.0,86,2005,"Animação, Aventura, Comédia, Família",485275,2005-06-24,"Eric Darnell, Tom McGrath",6,2023-04-25
52,tt0117008,2023-04-25,2023-04-25,,"Matilda","Matilda",https://www.imdb.com/title/tt0117008/,Filme,7.0,98,1996,"Comédia, Família, Fantasia",197897,1997-01-24,"Danny DeVito",8,2023-04-25
53,tt0120783,2023-04-25,2023-04-25,,"Operação Cupido","The Parent Trap",https://www.imdb.com/title/tt0120783/,Filme,6.7,128,1998,"Aventura, Comédia, Drama, Família, Romance",175757,1999-02-12,"Nancy Meyers",8,2025-04-04
54,tt0110366,2023-04-25,2023-04-25,,"Os Batutinhas","The Little Rascals",https://www.imdb.com/title/tt0110366/,Filme,6.4,82,1994,"Comédia, Família, Romance",62061,1994-12-07,"Penelope Spheeris",8,2023-04-25
55,tt0349205,2023-04-25,2023-04-25,,"Doze é Demais","Cheaper by the Dozen",https://www.imdb.com/title/tt0349205/,Filme,5.9,98,2003,"Comédia, Família",116094,2004-02-13,"Shawn Levy",5,2023-04-25
56,tt0452598,2023-04-25,2023-04-25,,"Doze é Demais 2","Cheaper by the Dozen 2",https://www.imdb.com/title/tt0452598/,Filme,5.6,94,2005,"Aventura, Comédia, Família",67440,2005-12-30,"Adam Shankman",5,2023-04-25
57,tt0317303,2023-04-25,2023-04-25,,"A Creche do Papai","Daddy Day Care",https://www.imdb.com/title/tt0317303/,Filme,5.7,92,2003,"Comédia, Família",79991,2003-06-20,"Steve Carr",5,2023-04-25
58,tt0424774,2023-04-25,2023-04-25,,"As Aventuras de Sharkboy e Lavagirl","The Adventures of Sharkboy and Lavagirl in 3-D",https://www.imdb.com/title/tt0424774/,Filme,3.8,93,2005,"Ação, Aventura, Comédia, Família, Fantasia, Ficção científica",46968,2005-07-22,"Robert Rodriguez",3,2023-04-25
59,tt0808510,2023-04-25,2023-04-25,,"O Fada do Dente","Tooth Fairy",https://www.imdb.com/title/tt0808510/,Filme,5.1,101,2010,"Comédia, Família, Fantasia, Esportes",53747,2010-01-22,"Michael Lembeck",2,2023-04-25
60,tt1397514,2023-04-25,2023-04-25,,"Viagem 2: A Ilha Misteriosa","Journey 2: The Mysterious Island",https://www.imdb.com/title/tt1397514/,Filme,5.7,94,2012,"Ação, Aventura, Comédia, Família, Fantasia, Ficção científica",122101,2012-02-03,"Brad Peyton",6,2023-04-25
61,tt0373051,2023-04-25,2023-04-25,,"Viagem ao Centro da Terra: O Filme","Journey to the Center of the Earth",https://www.imdb.com/title/tt0373051/,Filme,5.8,93,2008,"Ação, Aventura, Família, Fantasia, Ficção científica",142515,2008-07-11,"Eric Brevig",6,2023-04-25
62,tt0494238,2023-04-25,2023-04-25,,"Coração de Tinta - O Livro Mágico","Inkheart",https://www.imdb.com/title/tt0494238/,Filme,6.1,106,2008,"Aventura, Família, Fantasia",85792,2008-12-25,"Iain Softley",6,2023-04-25
63,tt0385752,2023-04-25,2023-04-25,,"A Bússola de Ouro","The Golden Compass",https://www.imdb.com/title/tt0385752/,Filme,6.1,113,2007,"Aventura, Família, Fantasia",204393,2007-12-25,"Chris Weitz",6,2023-04-25
64,tt0363771,2023-04-25,2023-04-25,,"As Crônicas de Nárnia: O Leão, a Feiticeira e o Guarda-Roupa","The Chronicles of Narnia: The Lion, the Witch and the Wardrobe",https://www.imdb.com/title/tt0363771/,Filme,6.9,143,2005,"Aventura, Família, Fantasia",460866,2005-12-09,"Andrew Adamson",5,2023-04-25
65,tt0814255,2023-04-25,2023-04-25,,"Percy Jackson e o Ladrão de Raios","Percy Jackson & the Olympians: The Lightning Thief",https://www.imdb.com/title/tt0814255/,Filme,5.9,118,2010,"Aventura, Família, Fantasia",217253,2010-02-12,"Chris Columbus",6,2023-04-25
66,tt1854564,2023-04-25,2023-04-25,,"Percy Jackson e o mar de monstros","Percy Jackson: Sea of Monsters",https://www.imdb.com/title/tt1854564/,Filme,5.7,106,2013,"Aventura, Família, Fantasia",135354,2013-08-16,"Thor Freudenthal",6,2023-04-25
67,tt1075417,2023-04-25,2023-04-25,,"A Montanha Enfeitiçada","Race to Witch Mountain",https://www.imdb.com/title/tt1075417/,Filme,5.7,98,2009,"Ação, Aventura, Família, Fantasia, Ficção científica, Suspense",66667,2009-04-17,"Andy Fickman",5,2023-04-25
68,tt1935929,2023-04-25,2023-04-25,,"O Fada do Dente 2","Tooth Fairy 2",https://www.imdb.com/title/tt1935929/,Vídeo,3.7,90,2012,"Comédia, Família",3599,2012-03-06,"Alex Zamm",3,2023-04-25
69,tt0409459,2023-04-25,2023-04-25,,"Watchmen: O Filme","Watchmen",https://www.imdb.com/title/tt0409459/,Filme,7.6,162,2009,"Ação, Drama, Mistério, Ficção científica",614497,2009-03-06,"Zack Snyder",5,2023-04-25
70,tt0770828,2023-04-25,2023-04-25,,"O Homem de Aço","Man of Steel",https://www.imdb.com/title/tt0770828/,Filme,7.1,143,2013,"Ação, Aventura, Ficção científica",873281,2013-07-12,"Zack Snyder",7,2023-04-25
71,tt0948470,2023-04-25,2023-04-25,,"O Espetacular Homem-Aranha","The Amazing Spider-Man",https://www.imdb.com/title/tt0948470/,Filme,7.0,136,2012,"Ação, Ficção científica",779130,2012-07-06,"Marc Webb",7,2023-04-25
72,tt1872181,2023-04-25,2023-04-25,,"O Espetacular Homem-Aranha 2: A Ameaça de Electro","The Amazing Spider-Man 2",https://www.imdb.com/title/tt1872181/,Filme,6.6,142,2014,"Ação, Aventura, Ficção científica",601451,2014-05-01,"Marc Webb",5,2023-04-25
73,tt0316654,2023-04-25,2023-04-25,,"Homem-Aranha 2","Spider-Man 2",https://www.imdb.com/title/tt0316654/,Filme,7.5,127,2004,"Ação, Aventura, Ficção científica",799284,2004-07-02,"Sam Raimi",8,2023-04-25
74,tt0145487,2023-04-25,2023-04-25,,"Homem-Aranha","Spider-Man",https://www.imdb.com/title/tt0145487/,Filme,7.4,121,2002,"Ação, Aventura, Ficção científica",985183,2002-05-17,"Sam Raimi",8,2023-04-25
75,tt0848228,2023-04-25,2023-04-25,,"Os Vingadores","The Avengers",https://www.imdb.com/title/tt0848228/,Filme,8.0,143,2012,"Ação, Ficção científica",1572826,2012-04-27,"Joss Whedon",9,2023-04-25
76,tt1843866,2023-04-25,2023-04-25,,"Capitão América: O Soldado Invernal","Captain America: The Winter Soldier",https://www.imdb.com/title/tt1843866/,Filme,7.7,136,2014,"Ação, Aventura, Ficção científica, Suspense",982395,2014-04-10,"Anthony Russo, Joe Russo",8,2023-04-25
77,tt2395427,2023-04-25,2023-04-25,,"Vingadores: Era de Ultron","Avengers: Age of Ultron",https://www.imdb.com/title/tt2395427/,Filme,7.3,141,2015,"Ação, Aventura, Ficção científica",1013155,2015-04-23,"Joss Whedon",7,2023-04-25
78,tt4154756,2023-04-25,2023-04-25,,"Vingadores: Guerra Infinita","Avengers: Infinity War",https://www.imdb.com/title/tt4154756/,Filme,8.4,149,2018,"Ação, Aventura, Ficção científica",1396082,2018-04-26,"Anthony Russo, Joe Russo",9,2023-04-25
79,tt0458339,2023-04-25,2023-04-25,,"Capitão América: O Primeiro Vingador","Captain America: The First Avenger",https://www.imdb.com/title/tt0458339/,Filme,6.9,124,2011,"Ação, Aventura, Ficção científica",979138,2011-07-29,"Joe Johnston",6,2023-04-25
80,tt0800369,2023-04-25,2023-04-25,,"Thor","Thor",https://www.imdb.com/title/tt0800369/,Filme,7.0,115,2011,"Ação, Fantasia",976461,2011-04-29,"Kenneth Branagh",6,2023-04-25
81,tt1981115,2023-04-25,2023-04-25,,"Thor: O Mundo Sombrio","Thor: The Dark World",https://www.imdb.com/title/tt1981115/,Filme,6.7,112,2013,"Ação, Aventura, Fantasia, Ficção científica",786140,2013-11-01,"Alan Taylor",5,2023-04-25
82,tt3501632,2023-04-25,2023-04-25,,"Thor: Ragnarok","Thor: Ragnarok",https://www.imdb.com/title/tt3501632/,Filme,7.9,130,2017,"Ação, Aventura, Comédia, Fantasia, Ficção científica",905966,2017-10-26,"Taika Waititi",7,2023-04-25
83,tt2015381,2023-04-25,2023-04-25,,"Guardiões da Galáxia","Guardians of the Galaxy",https://www.imdb.com/title/tt2015381/,Filme,8.0,121,2014,"Ação, Aventura, Comédia, Ficção científica",1375993,2014-07-31,"James Gunn",8,2023-04-25
84,tt4154796,2023-04-25,2023-04-25,,"Vingadores: Ultimato","Avengers: Endgame",https://www.imdb.com/title/tt4154796/,Filme,8.4,181,2019,"Ação, Aventura, Ficção científica",1471725,2019-04-25,"Anthony Russo, Joe Russo",9,2023-04-25
85,tt0413300,2023-04-25,2023-04-25,,"Homem-Aranha 3","Spider-Man 3",https://www.imdb.com/title/tt0413300/,Filme,6.3,139,2007,"Ação, Aventura, Ficção científica",712030,2007-05-04,"Sam Raimi",7,2023-04-25
86,tt3896198,2023-04-25,2023-04-25,,"Guardiões da Galáxia Vol. 2","Guardians of the Galaxy Vol. 2",https://www.imdb.com/title/tt3896198/,Filme,7.6,136,2017,"Ação, Aventura, Comédia, Fantasia, Musical, Ficção científica",839503,2017-04-27,"James Gunn",8,2023-04-25
87,tt1300854,2023-04-25,2023-04-25,,"Homem de Ferro 3","Iron Man Three",https://www.imdb.com/title/tt1300854/,Filme,7.1,130,2013,"Ação, Aventura, Ficção científica",976591,2013-04-26,"Shane Black",5,2023-04-25
88,tt1228705,2023-04-25,2023-04-25,,"Homem de Ferro 2","Iron Man 2",https://www.imdb.com/title/tt1228705/,Filme,6.9,124,2010,"Ação, Ficção científica",949572,2010-04-30,"Jon Favreau",5,2023-04-25
89,tt0371746,2023-04-25,2023-04-25,,"Homem de Ferro","Iron Man",https://www.imdb.com/title/tt0371746/,Filme,7.9,126,2008,"Ação, Aventura, Ficção científica",1239894,2008-04-30,"Jon Favreau",7,2023-04-25
90,tt3498820,2023-04-25,2023-04-25,,"Capitão América: Guerra Civil","Captain America: Civil War",https://www.imdb.com/title/tt3498820/,Filme,7.8,147,2016,"Ação, Ficção científica",940547,2016-04-28,"Anthony Russo, Joe Russo",8,2023-04-25
91,tt0451279,2023-04-25,2023-04-25,,"Mulher-Maravilha","Wonder Woman",https://www.imdb.com/title/tt0451279/,Filme,7.3,141,2017,"Ação, Aventura, Fantasia, Ficção científica, Guerra",739212,2017-06-01,"Patty Jenkins",7,2023-04-25
92,tt5463162,2023-04-25,2023-04-25,,"Deadpool 2","Deadpool 2",https://www.imdb.com/title/tt5463162/,Filme,7.6,119,2018,"Ação, Aventura, Comédia, Ficção científica",752892,2018-05-17,"David Leitch",8,2023-04-25
93,tt1431045,2023-04-25,2023-04-25,,"Deadpool","Deadpool",https://www.imdb.com/title/tt1431045/,Filme,8.0,108,2016,"Ação, Comédia, Ficção científica",1265443,2016-02-11,"Tim Miller",8,2023-04-25
94,tt12361974,2023-04-25,2023-04-25,,"Liga da Justiça de Zack Snyder","Zack Snyder's Justice League",https://www.imdb.com/title/tt12361974/,Filme,7.9,242,2021,"Aventura, Fantasia, Ficção científica",477680,2021-03-18,"Zack Snyder",6,2023-04-25
95,tt2975590,2023-04-25,2023-04-25,,"Batman vs Superman: A Origem da Justiça","Batman v Superman: Dawn of Justice",https://www.imdb.com/title/tt2975590/,Filme,6.4,151,2016,"Ficção científica",796354,2016-03-24,"Zack Snyder",6,2023-04-25
96,tt1270798,2023-04-25,2023-04-25,,"X-Men: Primeira Classe","X: First Class",https://www.imdb.com/title/tt1270798/,Filme,7.7,131,2011,"Ação, Ficção científica",769016,2011-06-03,"Matthew Vaughn",9,2023-04-25
97,tt0458525,2023-04-25,2023-04-25,,"X-Men Origens: Wolverine","X-Men Origins: Wolverine",https://www.imdb.com/title/tt0458525/,Filme,6.5,107,2009,"Ação, Ficção científica",571918,2009-04-30,"Gavin Hood",7,2023-04-25
98,tt3315342,2023-04-25,2023-04-25,,"Logan","Logan",https://www.imdb.com/title/tt3315342/,Filme,8.1,137,2017,"Ação, Drama, Ficção científica, Suspense",934995,2017-03-02,"James Mangold",8,2023-04-25
99,tt1250777,2023-04-25,2023-04-25,,"Kick-Ass: Quebrando Tudo","Kick-Ass",https://www.imdb.com/title/tt1250777/,Filme,7.6,117,2010,"Ação, Comédia, Policial",623274,2010-06-18,"Matthew Vaughn",8,2023-04-25
100,tt0446029,2023-04-25,2023-04-25,,"Scott Pilgrim Contra o Mundo","Scott Pilgrim vs. the World",https://www.imdb.com/title/tt0446029/,Filme,7.5,112,2010,"Ação, Comédia, Fantasia, Romance",499457,2010-08-13,"Edgar Wright",8,2023-04-25
101,tt0829482,2023-04-25,2023-04-25,,"Superbad: É Hoje","Superbad",https://www.imdb.com/title/tt0829482/,Filme,7.6,113,2007,"Comédia",700679,2007-10-19,"Greg Mottola",8,2023-04-25
102,tt1636826,2023-04-25,2023-04-25,,"Projeto X: Uma Festa Fora de Controle","Project X",https://www.imdb.com/title/tt1636826/,Filme,6.7,88,2012,"Comédia, Suspense",260609,2012-03-16,"Nima Nourizadeh",7,2023-04-25
103,tt2005151,2023-04-25,2023-04-25,,"Cães de Guerra","War Dogs",https://www.imdb.com/title/tt2005151/,Filme,7.1,114,2016,"Biografia, Comédia, Policial, Drama, Guerra",305358,2016-09-08,"Todd Phillips",5,2023-04-25
104,tt1119646,2023-04-25,2023-04-25,,"Se Beber, Não Case!","The Hangover",https://www.imdb.com/title/tt1119646/,Filme,7.7,100,2009,"Comédia",939551,2009-08-21,"Todd Phillips",8,2023-04-25
105,tt2250912,2023-04-25,2023-04-25,,"Homem-Aranha: De Volta ao Lar","Spider-Man: Homecoming",https://www.imdb.com/title/tt2250912/,Filme,7.4,133,2017,"Ação, Aventura, Ficção científica",821796,2017-07-06,"Jon Watts",7,2023-04-25
106,tt6320628,2023-04-25,2023-04-25,,"Homem-Aranha: Longe de Casa","Spider-Man: Far from Home",https://www.imdb.com/title/tt6320628/,Filme,7.3,129,2019,"Ação, Aventura, Comédia, Fantasia, Ficção científica",661698,2019-07-04,"Jon Watts",7,2023-04-25
107,tt10872600,2023-04-25,2023-04-25,,"Homem-Aranha: Sem Volta para Casa","Spider-Man: No Way Home",https://www.imdb.com/title/tt10872600/,Filme,8.1,148,2021,"Ação, Aventura, Fantasia, Ficção científica",1054206,2021-12-16,"Jon Watts",7,2023-04-25
108,tt0120855,2023-04-25,2023-04-25,,"Tarzan","Tarzan",https://www.imdb.com/title/tt0120855/,Filme,7.3,88,1999,"Animação, Aventura, Comédia, Drama, Família",271105,1999-07-02,"Chris Buck, Kevin Lima",9,2023-04-25
109,tt0119282,2023-04-25,2023-04-25,,"Hércules","Hercules",https://www.imdb.com/title/tt0119282/,Filme,7.3,93,1997,"Animação, Ação, Aventura, Comédia, Família, Fantasia, Musical, Romance",282446,1997-07-04,"Ron Clements, John Musker",6,2023-04-25
110,tt0120762,2023-04-25,2023-04-25,,"Mulan","Mulan",https://www.imdb.com/title/tt0120762/,Filme,7.7,87,1998,"Animação, Aventura, Comédia, Família, Fantasia, Musical, Guerra",349502,1998-07-01,"Tony Bancroft, Barry Cook",7,2023-04-25
111,tt0275847,2023-04-25,2023-04-25,,"Lilo & Stitch","Lilo & Stitch",https://www.imdb.com/title/tt0275847/,Filme,7.4,85,2002,"Animação, Aventura, Comédia, Drama, Família, Ficção científica",246218,2002-06-28,"Dean DeBlois, Chris Sanders",6,2023-04-25
112,tt0328880,2023-04-25,2023-04-25,,"Irmão Urso","Brother Bear",https://www.imdb.com/title/tt0328880/,Filme,6.9,85,2003,"Animação, Aventura, Comédia, Drama, Família, Fantasia, Musical",137778,2003-12-12,"Aaron Blaise, Robert Walker",8,2023-04-25
113,tt0061852,2023-04-25,2023-04-25,,"Mogli: O Menino Lobo","The Jungle Book",https://www.imdb.com/title/tt0061852/,Filme,7.6,78,1967,"Animação, Aventura, Comédia, Família, Musical",214820,1968-12-26,"Wolfgang Reitherman",6,2023-04-25
114,tt2388771,2023-04-25,2023-04-25,,"Mogli: Entre Dois Mundos","Mowgli",https://www.imdb.com/title/tt2388771/,Filme,6.5,104,2018,"Aventura, Drama, Fantasia",69834,2018-12-07,"Andy Serkis",7,2023-04-25
115,tt0101414,2023-04-25,2023-04-25,,"A Bela e a Fera","Beauty and the Beast",https://www.imdb.com/title/tt0101414/,Filme,8.0,84,1991,"Animação, Família, Fantasia, Musical, Romance",508173,1992-06-26,"Gary Trousdale, Kirk Wise",6,2023-04-25
116,tt0120623,2023-04-25,2023-04-25,,"Vida de Inseto","A Bug's Life",https://www.imdb.com/title/tt0120623/,Filme,7.2,95,1998,"Animação, Aventura, Comédia, Família",340031,1998-12-18,"John Lasseter, Andrew Stanton",6,2023-04-25
117,tt0418279,2023-04-25,2023-04-25,,"Transformers","Transformers",https://www.imdb.com/title/tt0418279/,Filme,7.1,144,2007,"Ação, Aventura, Ficção científica",723750,2007-07-18,"Michael Bay",8,2023-04-25
118,tt1318514,2023-04-25,2023-04-25,,"Planeta dos Macacos: A Origem","Rise of the Planet of the Apes",https://www.imdb.com/title/tt1318514/,Filme,7.6,105,2011,"Ação, Drama, Ficção científica, Suspense",608552,2011-08-26,"Rupert Wyatt",8,2023-04-25
119,tt1399103,2023-04-25,2023-04-25,,"Transformers: O Lado Oculto da Lua","Transformers: Dark of the Moon",https://www.imdb.com/title/tt1399103/,Filme,6.2,154,2011,"Ação, Aventura, Comédia, Ficção científica, Suspense",458764,2011-06-29,"Michael Bay",6,2023-04-25
120,tt1055369,2023-04-25,2023-04-25,,"Transformers: A Vingança dos Derrotados","Transformers: Revenge of the Fallen",https://www.imdb.com/title/tt1055369/,Filme,6.0,149,2009,"Ação, Aventura, Ficção científica",457116,2009-06-23,"Michael Bay",7,2023-04-25
121,tt2103281,2023-04-25,2023-04-25,,"Planeta dos Macacos: O Confronto","Dawn of the Planet of the Apes",https://www.imdb.com/title/tt2103281/,Filme,7.6,130,2014,"Ação, Aventura, Drama, Ficção científica, Suspense",513932,2014-07-24,"Matt Reeves",8,2023-04-25
122,tt0119654,2023-04-25,2023-04-25,,"MIB: Homens de Preto","Men in Black",https://www.imdb.com/title/tt0119654/,Filme,7.3,98,1997,"Ação, Aventura, Comédia, Ficção científica",669095,1997-07-11,"Barry Sonnenfeld",8,2023-04-25
123,tt2820852,2023-04-25,2023-04-25,,"Velozes & Furiosos 7","Fast & Furious 7",https://www.imdb.com/title/tt2820852/,Filme,7.1,137,2015,"Ação, Suspense",442868,2015-04-02,"James Wan",8,2023-04-25
124,tt1905041,2023-04-25,2023-04-25,,"Velozes & Furiosos 6","Furious 6",https://www.imdb.com/title/tt1905041/,Filme,7.0,130,2013,"Ação, Aventura, Policial, Suspense",442768,2013-05-24,"Justin Lin",7,2023-04-25
125,tt1596343,2023-04-25,2023-04-25,,"Velozes e Furiosos 5: Operação Rio","Fast Five",https://www.imdb.com/title/tt1596343/,Filme,7.3,130,2011,"Ação, Policial, Suspense",436478,2011-05-06,"Justin Lin",8,2023-04-25
126,tt1013752,2023-04-25,2023-04-25,,"Velozes & Furiosos 4","Fast & Furious",https://www.imdb.com/title/tt1013752/,Filme,6.5,107,2009,"Ação, Suspense",338706,2009-04-03,"Justin Lin",6,2023-04-25
127,tt0232500,2023-04-25,2023-04-25,,"Velozes & Furiosos","The Fast and the Furious",https://www.imdb.com/title/tt0232500/,Filme,6.8,106,2001,"Ação, Policial, Suspense",462774,2001-09-28,"Rob Cohen",6,2023-04-25
128,tt0463985,2023-04-25,2023-04-25,,"Velozes & Furiosos: Desafio em Tóquio","The Fast and the Furious: Tokyo Drift",https://www.imdb.com/title/tt0463985/,Filme,6.1,104,2006,"Ação, Policial, Suspense",336138,2006-08-11,"Justin Lin",6,2023-04-25
129,tt0322259,2023-04-25,2023-04-25,,"+ Velozes + Furiosos","2 Fast 2 Furious",https://www.imdb.com/title/tt0322259/,Filme,6.0,107,2003,"Ação, Policial, Suspense",327922,2003-06-13,"John Singleton",7,2023-04-25
130,tt6806448,2023-04-25,2023-04-25,,"Velozes & Furiosos: Hobbs & Shaw","Fast & Furious Presents: Hobbs & Shaw",https://www.imdb.com/title/tt6806448/,Filme,6.4,137,2019,"Ação, Aventura, Suspense",259675,2019-08-01,"David Leitch",6,2023-04-25
131,tt0383574,2023-04-25,2023-04-25,,"Piratas do Caribe: O Baú da Morte","Pirates of the Caribbean: Dead Man's Chest",https://www.imdb.com/title/tt0383574/,Filme,7.4,151,2006,"Ação, Aventura, Fantasia",833212,2006-07-21,"Gore Verbinski",8,2023-04-25
132,tt0449088,2023-04-25,2023-04-25,,"Piratas do Caribe: No Fim do Mundo","Pirates of the Caribbean: At World's End",https://www.imdb.com/title/tt0449088/,Filme,7.2,169,2007,"Ação, Aventura, Fantasia",749998,2007-05-25,"Gore Verbinski",8,2023-04-25
133,tt1298650,2023-04-25,2023-04-25,,"Piratas do Caribe: Navegando em Águas Misteriosas","Pirates of the Caribbean: On Stranger Tides",https://www.imdb.com/title/tt1298650/,Filme,6.6,137,2011,"Ação, Aventura, Fantasia",612074,2011-05-20,"Rob Marshall",7,2023-04-25
134,tt0325980,2023-04-25,2023-04-25,,"Piratas do Caribe: A Maldição do Pérola Negra","Pirates of the Caribbean: The Curse of the Black Pearl",https://www.imdb.com/title/tt0325980/,Filme,8.1,143,2003,"Ação, Aventura, Fantasia",1339198,2003-08-29,"Gore Verbinski",7,2023-04-25
135,tt0903624,2023-04-25,2023-04-25,,"O Hobbit: Uma Jornada Inesperada","The Hobbit: An Unexpected Journey",https://www.imdb.com/title/tt0903624/,Filme,7.8,169,2012,"Aventura, Fantasia",933877,2012-12-14,"Peter Jackson",9,2023-04-25
136,tt1170358,2023-04-25,2023-04-25,,"O Hobbit: A Desolação de Smaug","The Hobbit: The Desolation of Smaug",https://www.imdb.com/title/tt1170358/,Filme,7.8,161,2013,"Aventura, Fantasia",758747,2013-12-13,"Peter Jackson",8,2023-04-25
137,tt2310332,2023-04-25,2023-04-25,,"O Hobbit: A Batalha dos Cinco Exércitos","The Hobbit: The Battle of the Five Armies",https://www.imdb.com/title/tt2310332/,Filme,7.4,144,2014,"Aventura, Fantasia",622765,2014-12-11,"Peter Jackson",9,2023-04-25
138,tt0167261,2023-04-25,2023-04-25,,"O Senhor dos Anéis: As Duas Torres","The Lord of the Rings: The Two Towers",https://www.imdb.com/title/tt0167261/,Filme,8.8,179,2002,"Aventura, Drama, Fantasia",1974429,2002-12-27,"Peter Jackson",9,2026-05-18
139,tt3183660,2023-04-25,2023-04-25,,"Animais Fantásticos e Onde Habitam","Fantastic Beasts and Where to Find Them",https://www.imdb.com/title/tt3183660/,Filme,7.2,132,2016,"Aventura, Família, Fantasia",543742,2016-11-17,"David Yates",6,2023-04-25
140,tt4123430,2023-04-25,2023-04-25,,"Animais Fantásticos: Os Crimes de Grindelwald","Fantastic Beasts: The Crimes of Grindelwald",https://www.imdb.com/title/tt4123430/,Filme,6.5,134,2018,"Aventura, Família, Fantasia",333796,2018-11-15,"David Yates",5,2023-04-25
141,tt4123432,2023-04-25,2023-04-25,,"Animais Fantásticos: Os Segredos de Dumbledore","Fantastic Beasts: The Secrets of Dumbledore",https://www.imdb.com/title/tt4123432/,Filme,6.2,142,2022,"Aventura, Fantasia",194548,2022-04-14,"David Yates",3,2023-04-25
142,tt0926084,2023-04-25,2023-04-25,,"Harry Potter e as Relíquias da Morte: Parte 1","Harry Potter and the Deathly Hallows: Part 1",https://www.imdb.com/title/tt0926084/,Filme,7.7,146,2010,"Aventura, Família, Fantasia, Mistério",671194,2010-11-19,"David Yates",7,2023-04-25
143,tt0417741,2023-04-25,2023-04-25,,"Harry Potter e o Enigma do Príncipe","Harry Potter and the Half-Blood Prince",https://www.imdb.com/title/tt0417741/,Filme,7.6,153,2009,"Aventura, Família, Fantasia, Mistério",667039,2009-07-15,"David Yates",8,2023-04-25
144,tt0373889,2023-04-25,2023-04-25,,"Harry Potter e a Ordem da Fênix","Harry Potter and the Order of the Phoenix",https://www.imdb.com/title/tt0373889/,Filme,7.5,138,2007,"Aventura, Família, Fantasia, Mistério",707428,2007-07-11,"David Yates",8,2023-04-25
145,tt1201607,2023-04-25,2023-04-25,,"Harry Potter e as Relíquias da Morte: Parte 2","Harry Potter and the Deathly Hallows: Part 2",https://www.imdb.com/title/tt1201607/,Filme,8.1,130,2011,"Aventura, Família, Fantasia, Mistério",1057132,2011-07-15,"David Yates",9,2023-04-25
146,tt0330373,2023-04-25,2023-04-25,,"Harry Potter e o Cálice de Fogo","Harry Potter and the Goblet of Fire",https://www.imdb.com/title/tt0330373/,Filme,7.7,157,2005,"Aventura, Família, Fantasia, Mistério",760663,2005-11-25,"Mike Newell",9,2023-04-25
147,tt0304141,2023-04-25,2023-04-25,,"Harry Potter e o Prisioneiro de Azkaban","Harry Potter and the Prisoner of Azkaban",https://www.imdb.com/title/tt0304141/,Filme,7.9,142,2004,"Aventura, Família, Fantasia, Mistério",774304,2004-06-04,"Alfonso Cuarón",8,2023-04-25
148,tt0295297,2023-04-25,2023-04-25,,"Harry Potter e a Câmara Secreta","Harry Potter and the Chamber of Secrets",https://www.imdb.com/title/tt0295297/,Filme,7.5,161,2002,"Aventura, Família, Fantasia, Mistério",773232,2002-11-22,"Chris Columbus",7,2023-04-25
149,tt0241527,2023-04-25,2023-04-25,,"Harry Potter e a Pedra Filosofal","Harry Potter and the Sorcerer's Stone",https://www.imdb.com/title/tt0241527/,Filme,7.7,152,2001,"Aventura, Família, Fantasia",960654,2001-11-23,"Chris Columbus",7,2023-04-25
150,tt2488496,2023-04-25,2023-04-25,,"Star Wars: O Despertar da Força","Star Wars: Episode VII - The Force Awakens",https://www.imdb.com/title/tt2488496/,Filme,7.7,138,2015,"Ação, Aventura, Ficção científica",1032218,2015-12-17,"J.J. Abrams",5,2023-04-25
151,tt2527336,2023-04-25,2023-04-25,,"Star Wars: Os Últimos Jedi","Star Wars: Episode VIII - The Last Jedi",https://www.imdb.com/title/tt2527336/,Filme,6.8,152,2017,"Ação, Aventura, Fantasia, Ficção científica",724310,2017-12-13,"Rian Johnson",4,2023-04-25
152,tt2527338,2023-04-25,2023-04-25,,"Star Wars: A Ascensão Skywalker","Star Wars: Episode IX - The Rise of Skywalker",https://www.imdb.com/title/tt2527338/,Filme,6.3,141,2019,"Ação, Aventura, Fantasia, Ficção científica",548141,2019-12-19,"J.J. Abrams",1,2023-04-25
153,tt19770238,2023-04-25,2023-04-25,,"Aftersun","Aftersun",https://www.imdb.com/title/tt19770238/,Filme,7.6,102,2022,"Drama",131738,2023-01-06,"Charlotte Wells",10,2023-04-25
154,tt4633694,2023-04-25,2023-04-25,,"Homem-Aranha: No Aranhaverso","Spider-Man: Into the Spider-Verse",https://www.imdb.com/title/tt4633694/,Filme,8.4,117,2018,"Animação, Ação, Aventura, Família, Fantasia, Ficção científica",806406,2019-01-10,"Bob Persichetti, Peter Ramsey, Rodney Rothman",6,2023-04-25
155,tt1016150,2023-04-25,2023-04-25,,"Nada de Novo no Front","Im Westen nichts Neues",https://www.imdb.com/title/tt1016150/,Filme,7.8,148,2022,"Drama, História, Guerra",343591,2022-10-28,"Edward Berger",8,2023-04-25
156,tt1396484,2023-04-25,2023-04-25,,"It: A Coisa","It",https://www.imdb.com/title/tt1396484/,Filme,7.3,135,2017,"Terror",705212,2017-09-07,"Andy Muschietti",7,2023-04-25
157,tt8772262,2023-04-25,2023-04-25,,"Midsommar: O Mal Não Espera a Noite","Midsommar",https://www.imdb.com/title/tt8772262/,Filme,7.1,148,2019,"Drama, Terror, Mistério, Suspense",493724,2019-09-19,"Ari Aster",5,2026-03-09
158,tt4972582,2023-04-25,2023-04-25,,"Fragmentado","Split",https://www.imdb.com/title/tt4972582/,Filme,7.3,117,2016,"Terror, Suspense",627665,2017-03-23,"M. Night Shyamalan",8,2023-04-25
159,tt5052448,2023-04-25,2023-04-25,,"Corra!","Get Out",https://www.imdb.com/title/tt5052448/,Filme,7.8,104,2017,"Terror, Mistério, Suspense",831476,2017-05-18,"Jordan Peele",7,2023-04-25
160,tt4263482,2023-04-25,2023-04-25,,"A Bruxa","The VVitch: A New-England Folktale",https://www.imdb.com/title/tt4263482/,Filme,7.0,92,2015,"Drama, Fantasia, Terror, Mistério, Suspense",357254,2016-03-03,"Robert Eggers",8,2023-04-25
161,tt0455275,2023-04-25,2023-04-25,,"Prison Break: Em Busca da Verdade","Prison Break",https://www.imdb.com/title/tt0455275/,Série de TV,8.3,44,2005,"Ação, Policial, Drama, Mistério, Suspense",676180,2005-10-10,,8,2023-04-25
162,tt9140560,2023-04-25,2023-04-25,,"WandaVision","WandaVision",https://www.imdb.com/title/tt9140560/,Minissérie de televisão,7.9,40,2021,"Ação, Comédia, Drama, Fantasia, Mistério, Romance, Ficção científica",421138,2021-01-15,,6,2023-04-25
163,tt0898266,2023-04-25,2023-04-25,,"Big Bang: A Teoria","The Big Bang Theory",https://www.imdb.com/title/tt0898266/,Série de TV,8.1,22,2007,"Comédia, Romance",942899,2007-09-24,,10,2023-04-25
164,tt9764362,2023-04-25,2023-04-25,,"O Menu","The Menu",https://www.imdb.com/title/tt9764362/,Filme,7.1,107,2022,"Comédia, Terror, Suspense",510236,2022-12-01,"Mark Mylod",7,2023-04-25
165,tt0289879,2023-04-25,2023-04-25,,"Efeito Borboleta","The Butterfly Effect",https://www.imdb.com/title/tt0289879/,Filme,7.6,113,2004,"Drama, Ficção científica, Suspense",558834,2004-07-23,"Eric Bress, J. Mackye Gruber",9,2025-07-14
166,tt3397884,2023-04-25,2023-04-25,,"Sicario: Terra de Ninguém","Sicario",https://www.imdb.com/title/tt3397884/,Filme,7.7,121,2015,"Ação, Policial, Drama, Mistério, Suspense",545694,2015-10-22,"Denis Villeneuve",7,2023-04-25
167,tt0144084,2023-04-25,2023-04-25,,"Psicopata Americano","American Psycho",https://www.imdb.com/title/tt0144084/,Filme,7.6,102,2000,"Policial, Drama, Terror",850182,2000-12-22,"Mary Harron",4,2023-04-25
168,tt2980516,2023-04-25,2023-04-25,,"A Teoria de Tudo","The Theory of Everything",https://www.imdb.com/title/tt2980516/,Filme,7.7,123,2014,"Biografia, Drama, Romance",509693,2015-01-29,"James Marsh",8,2023-04-25
169,tt2582846,2023-04-25,2023-04-25,,"A Culpa é das Estrelas","The Fault in Our Stars",https://www.imdb.com/title/tt2582846/,Filme,7.6,126,2014,"Drama, Romance",426833,2014-06-05,"Josh Boone",7,2023-04-25
170,tt0083944,2023-04-25,2023-04-25,,"Rambo: Programado Para Matar","First Blood",https://www.imdb.com/title/tt0083944/,Filme,7.7,93,1982,"Ação, Aventura, Suspense",304157,1983-05-23,"Ted Kotcheff",8,2023-04-25
171,tt0914798,2023-04-25,2023-04-25,,"O Menino do Pijama Listrado","The Boy in the Striped Pajamas",https://www.imdb.com/title/tt0914798/,Filme,7.7,94,2008,"Drama, Guerra",276864,2008-12-12,"Mark Herman",7,2023-04-25
172,tt2802144,2023-04-25,2023-04-25,,"Kingsman: Serviço Secreto","Kingsman: The Secret Service",https://www.imdb.com/title/tt2802144/,Filme,7.7,129,2014,"Ação, Aventura, Comédia, Suspense",781901,2015-03-05,"Matthew Vaughn",6,2023-04-25
173,tt4912910,2023-04-25,2023-04-25,,"Missão: Impossível - Efeito Fallout","Mission: Impossible - Fallout",https://www.imdb.com/title/tt4912910/,Filme,7.7,147,2018,"Ação, Aventura, Suspense",422975,2018-07-26,"Christopher McQuarrie",7,2023-04-25
174,tt0101507,2023-04-25,2023-04-25,,"Os Donos da Rua","Boyz n the Hood",https://www.imdb.com/title/tt0101507/,Filme,7.7,112,1991,"Policial, Drama",169970,1991-10-18,"John Singleton",8,2023-04-25
175,tt0325710,2023-04-25,2023-04-25,,"O Último Samurai","The Last Samurai",https://www.imdb.com/title/tt0325710/,Filme,7.8,154,2003,"Ação, Drama",507704,2004-01-16,"Edward Zwick",6,2023-04-25
176,tt0936501,2023-04-25,2023-04-25,,"Busca Implacável","Taken",https://www.imdb.com/title/tt0936501/,Filme,7.7,90,2008,"Ação, Policial, Suspense",676273,2008-10-03,"Pierre Morel",8,2023-04-25
177,tt0449059,2023-04-26,2023-04-26,,"Pequena Miss Sunshine","Little Miss Sunshine",https://www.imdb.com/title/tt0449059/,Filme,7.8,101,2006,"Comédia, Drama",563453,2006-10-20,"Jonathan Dayton, Valerie Faris",8,2023-04-26
178,tt2872718,2023-04-26,2023-04-26,,"O Abutre","Nightcrawler",https://www.imdb.com/title/tt2872718/,Filme,7.8,117,2014,"Policial, Drama, Suspense",677000,2014-12-18,"Dan Gilroy",6,2023-04-26
179,tt1302006,2023-04-26,2023-04-26,,"O Irlandês","The Irishman",https://www.imdb.com/title/tt1302006/,Filme,7.8,209,2019,"Biografia, Policial, Drama, História, Suspense",477094,2019-11-27,"Martin Scorsese",5,2023-04-26
180,tt0091042,2023-04-26,2023-04-26,,"Curtindo a Vida Adoidado","Ferris Bueller's Day Off",https://www.imdb.com/title/tt0091042/,Filme,7.8,103,1986,"Comédia",419085,1987-02-12,"John Hughes",5,2023-04-26
181,tt1877830,2023-04-26,2023-04-26,,"Batman","The Batman",https://www.imdb.com/title/tt1877830/,Filme,7.8,176,2022,"Ação, Policial, Drama, Mistério",941469,2022-03-03,"Matt Reeves",7,2023-04-26
182,tt0454876,2023-04-26,2023-04-26,,"As Aventuras de Pi","Life of Pi",https://www.imdb.com/title/tt0454876/,Filme,7.9,127,2012,"Aventura, Drama, Fantasia",703925,2012-12-21,"Ang Lee",6,2023-04-26
183,tt0083866,2023-04-26,2023-04-26,,"E.T.: O Extraterrestre","E.T. the Extra-Terrestrial",https://www.imdb.com/title/tt0083866/,Filme,7.9,115,1982,"Aventura, Família, Ficção científica",474990,1982-12-25,"Steven Spielberg",6,2023-04-26
184,tt2543472,2023-04-26,2023-04-26,,"Extraordinário","Wonder",https://www.imdb.com/title/tt2543472/,Filme,7.9,113,2017,"Drama, Família",198452,2017-12-07,"Stephen Chbosky",7,2023-04-26
185,tt2584384,2023-04-26,2023-04-26,,"Jojo Rabbit","Jojo Rabbit",https://www.imdb.com/title/tt2584384/,Filme,7.9,108,2019,"Comédia, Drama, Guerra",492069,2020-02-06,"Taika Waititi",9,2023-04-26
186,tt0499549,2023-04-26,2023-04-26,,"Avatar","Avatar",https://www.imdb.com/title/tt0499549/,Filme,7.9,162,2009,"Ação, Aventura, Fantasia, Ficção científica",1510468,2009-12-18,"James Cameron",7,2023-04-26
187,tt8946378,2023-04-26,2023-04-26,,"Entre Facas e Segredos","Knives Out",https://www.imdb.com/title/tt8946378/,Filme,7.9,130,2019,"Comédia, Policial, Drama, Mistério, Suspense",886114,2019-11-28,"Rian Johnson",6,2023-04-26
188,tt1555149,2023-04-26,2023-04-26,,"Tropa de Elite 2: O Inimigo Agora é Outro","Tropa de Elite 2: O Inimigo Agora é Outro",https://www.imdb.com/title/tt1555149/,Filme,8.0,115,2010,"Policial, Drama, Suspense",92796,2010-10-08,"José Padilha",8,2023-04-26
189,tt0861739,2023-04-26,2023-04-26,,"Tropa de Elite","Tropa de Elite",https://www.imdb.com/title/tt0861739/,Filme,8.0,115,2007,"Ação, Policial, Drama, Suspense",120549,2007-10-12,"José Padilha",8,2023-04-26
190,tt2948372,2023-04-26,2023-04-26,,"Soul","Soul",https://www.imdb.com/title/tt2948372/,Filme,8.0,100,2020,"Animação, Aventura, Comédia, Drama, Família, Fantasia, Musical",455143,2020-12-25,"Pete Docter, Kemp Powers",6,2023-04-26
191,tt2084970,2023-04-26,2023-04-26,,"O Jogo da Imitação","The Imitation Game",https://www.imdb.com/title/tt2084970/,Filme,8.0,114,2014,"Biografia, Drama, Suspense, Guerra",882684,2015-02-05,"Morten Tyldum",8,2023-04-26
192,tt1663202,2023-04-26,2023-04-26,,"O Regresso","The Revenant",https://www.imdb.com/title/tt1663202/,Filme,8.0,156,2015,"Ação, Drama, Faroeste",957392,2016-02-04,"Alejandro G. Iñárritu",6,2023-04-26
193,tt0246578,2023-04-26,2023-04-26,,"Donnie Darko","Donnie Darko",https://www.imdb.com/title/tt0246578/,Filme,8.0,113,2001,"Drama, Mistério, Ficção científica, Suspense",916931,2003-09-24,"Richard Kelly",6,2023-04-26
194,tt0947798,2023-04-26,2023-04-26,,"Cisne Negro","Black Swan",https://www.imdb.com/title/tt0947798/,Filme,8.0,108,2010,"Drama, Suspense",894789,2011-02-04,"Darren Aronofsky",9,2023-11-14
195,tt0395169,2023-04-26,2023-04-26,,"Hotel Ruanda","Hotel Rwanda",https://www.imdb.com/title/tt0395169/,Filme,8.1,121,2004,"Biografia, Drama, História, Guerra",393881,2005-08-19,"Terry George",7,2023-04-26
196,tt1028532,2023-04-26,2023-04-26,,"Sempre ao Seu Lado","Hachi: A Dog's Tale",https://www.imdb.com/title/tt1028532/,Filme,8.1,93,2009,"Biografia, Drama, Família",346501,2009-12-25,"Lasse Hallström",6,2023-04-26
197,tt2024544,2023-04-26,2023-04-26,,"12 Anos de Escravidão","12 Years a Slave",https://www.imdb.com/title/tt2024544/,Filme,8.1,134,2013,"Biografia, Drama, História",792003,2014-02-21,"Steve McQueen",9,2024-07-30
198,tt0091763,2023-04-26,2023-04-26,,"Platoon","Platoon",https://www.imdb.com/title/tt0091763/,Filme,8.0,120,1986,"Drama, Guerra",475287,1987-02-27,"Oliver Stone",7,2023-04-26
199,tt0097165,2023-04-26,2023-04-26,,"Sociedade dos Poetas Mortos","Dead Poets Society",https://www.imdb.com/title/tt0097165/,Filme,8.1,128,1989,"Comédia, Drama",663730,1990-02-28,"Peter Weir",7,2023-04-26
200,tt2119532,2023-04-26,2023-04-26,,"Até o Último Homem","Hacksaw Ridge",https://www.imdb.com/title/tt2119532/,Filme,8.1,139,2016,"Biografia, Drama, História, Guerra",691834,2017-01-26,"Mel Gibson",7,2023-04-26
201,tt1950186,2023-04-26,2023-04-26,,"Ford vs. Ferrari","Ford v Ferrari",https://www.imdb.com/title/tt1950186/,Filme,8.1,152,2019,"Ação, Biografia, Drama, Esportes",581697,2019-11-14,"James Mangold",7,2023-04-26
202,tt0264464,2023-04-26,2023-04-26,,"Prenda-Me Se for Capaz","Catch Me If You Can",https://www.imdb.com/title/tt0264464/,Filme,8.1,141,2002,"Biografia, Policial, Drama",1256707,2003-02-21,"Steven Spielberg",10,2023-04-26
203,tt2267998,2023-04-26,2023-04-26,,"Garota Exemplar","Gone Girl",https://www.imdb.com/title/tt2267998/,Filme,8.1,149,2014,"Drama, Mistério, Suspense",1181497,2014-10-02,"David Fincher",9,2023-04-26
204,tt1392190,2023-04-26,2023-04-26,,"Mad Max: Estrada da Fúria","Mad Max: Fury Road",https://www.imdb.com/title/tt1392190/,Filme,8.1,120,2015,"Ação, Aventura, Ficção científica",1215882,2015-05-14,"George Miller",9,2026-01-02
205,tt1392214,2023-04-26,2023-04-26,,"Os Suspeitos","Prisoners",https://www.imdb.com/title/tt1392214/,Filme,8.2,153,2013,"Policial, Drama, Mistério, Suspense",950673,2013-10-18,"Denis Villeneuve",8,2023-04-26
206,tt0118715,2023-04-26,2023-04-26,,"O Grande Lebowski","The Big Lebowski",https://www.imdb.com/title/tt0118715/,Filme,8.1,117,1998,"Comédia, Policial",921700,1999-07-09,"Joel Coen, Ethan Coen",6,2023-04-26
207,tt10431500,2023-04-26,2023-04-26,,"Milagre na Cela 7","Yedinci Kogustaki Mucize",https://www.imdb.com/title/tt10431500/,Filme,8.2,132,2019,"Drama",63704,2019-10-10,"Mehmet Ada Öztekin",8,2023-04-26
208,tt0457430,2023-04-26,2023-04-26,,"O Labirinto do Fauno","El laberinto del fauno",https://www.imdb.com/title/tt0457430/,Filme,8.2,118,2006,"Drama, Fantasia, Guerra",750825,2006-12-01,"Guillermo del Toro",7,2023-04-26
209,tt0434409,2023-04-26,2023-04-26,,"V de Vingança","V for Vendetta",https://www.imdb.com/title/tt0434409/,Filme,8.1,132,2005,"Ação, Drama, Ficção científica, Suspense",1252785,2006-04-07,"James McTeigue",9,2023-04-26
210,tt0095016,2023-04-26,2023-04-26,,"Duro de Matar","Die Hard",https://www.imdb.com/title/tt0095016/,Filme,8.2,132,1988,"Ação, Suspense",1036153,1988-10-27,"John McTiernan",8,2023-04-26
211,tt0082971,2023-04-26,2023-04-26,,"Os Caçadores da Arca Perdida","Raiders of the Lost Ark",https://www.imdb.com/title/tt0082971/,Filme,8.4,115,1981,"Aventura",1117136,1981-12-25,"Steven Spielberg",10,2023-04-26
212,tt0372784,2023-04-26,2023-04-26,,"Batman Begins","Batman Begins",https://www.imdb.com/title/tt0372784/,Filme,8.2,140,2005,"Policial",1734536,2005-06-17,"Christopher Nolan",7,2023-04-26
213,tt1345836,2023-04-26,2023-04-26,,"Batman: O Cavaleiro das Trevas Ressurge","The Dark Knight Rises",https://www.imdb.com/title/tt1345836/,Filme,8.4,164,2012,"Policial, Suspense",2016992,2012-07-27,"Christopher Nolan",9,2023-04-26
214,tt0468569,2023-04-26,2023-04-26,,"Batman: O Cavaleiro das Trevas","The Dark Knight",https://www.imdb.com/title/tt0468569/,Filme,9.1,152,2008,"Policial, Suspense",3207389,2008-07-18,"Christopher Nolan",10,2023-04-26
215,tt7286456,2023-04-26,2023-04-26,,"Coringa","Joker",https://www.imdb.com/title/tt7286456/,Filme,8.3,122,2019,"Drama",1714789,2019-10-03,"Todd Phillips",9,2023-04-26
216,tt0120382,2023-04-26,2023-04-26,,"O Show de Truman: O Show da Vida","The Truman Show",https://www.imdb.com/title/tt0120382/,Filme,8.2,103,1998,"Comédia, Drama",1395308,1998-10-30,"Peter Weir",8,2023-04-26
217,tt0167404,2023-04-26,2023-04-26,,"O Sexto Sentido","The Sixth Sense",https://www.imdb.com/title/tt0167404/,Filme,8.2,107,1999,"Drama, Mistério, Suspense",1154774,1999-10-22,"M. Night Shyamalan",9,2023-04-26
218,tt6966692,2023-04-26,2023-04-26,,"Green Book: O Guia","Green Book",https://www.imdb.com/title/tt6966692/,Filme,8.2,130,2018,"Biografia, Comédia, Drama, Musical",697877,2019-01-24,"Peter Farrelly",7,2023-04-26
219,tt1130884,2023-04-26,2023-04-26,,"Ilha do Medo","Shutter Island",https://www.imdb.com/title/tt1130884/,Filme,8.2,138,2010,"Mistério, Suspense",1671793,2010-03-12,"Martin Scorsese",8,2023-04-26
220,tt0107290,2023-04-26,2023-04-26,,"Jurassic Park: O Parque dos Dinossauros","Jurassic Park",https://www.imdb.com/title/tt0107290/,Filme,8.2,127,1993,"Aventura, Ficção científica",1192406,1993-06-25,"Steven Spielberg",8,2023-04-26
221,tt0993846,2023-04-26,2023-04-26,,"O Lobo de Wall Street","The Wolf of Wall Street",https://www.imdb.com/title/tt0993846/,Filme,8.2,180,2013,"Biografia, Comédia, Policial, Drama",1813882,2014-01-24,"Martin Scorsese",8,2023-04-26
222,tt2911666,2023-04-26,2023-04-26,,"John Wick: De Volta ao Jogo","John Wick",https://www.imdb.com/title/tt2911666/,Filme,7.5,101,2014,"Ação, Policial, Suspense",836476,2014-11-27,"Chad Stahelski",6,2023-04-26
223,tt0066921,2023-04-26,2023-04-26,,"Laranja Mecânica","A Clockwork Orange",https://www.imdb.com/title/tt0066921/,Filme,8.2,136,1971,"Policial, Ficção científica",941682,1978-09-04,"Stanley Kubrick",10,2023-04-26
224,tt0361748,2023-04-26,2023-04-26,,"Bastardos Inglórios","Inglourious Basterds",https://www.imdb.com/title/tt0361748/,Filme,8.4,153,2009,"Drama, Guerra",1807737,2009-10-09,"Quentin Tarantino",8,2023-04-26
225,tt1187043,2023-04-26,2023-04-26,,"3 Idiotas","3 Idiots",https://www.imdb.com/title/tt1187043/,Filme,8.4,170,2009,"Comédia, Drama",487257,2010-01-01,"Rajkumar Hirani",10,2025-09-17
226,tt0112573,2023-04-26,2023-04-26,,"Coração Valente","Braveheart",https://www.imdb.com/title/tt0112573/,Filme,8.3,178,1995,"Drama, Guerra",1168581,1995-07-14,"Mel Gibson",10,2023-04-26
227,tt1853728,2023-04-26,2023-04-26,,"Django Livre","Django Unchained",https://www.imdb.com/title/tt1853728/,Filme,8.5,165,2012,"Drama, Faroeste",1903554,2013-01-18,"Quentin Tarantino",8,2023-04-26
228,tt1675434,2023-04-26,2023-04-26,,"Intocáveis","Intouchables",https://www.imdb.com/title/tt1675434/,Filme,8.5,112,2011,"Comédia, Drama",1037099,2012-08-31,"Olivier Nakache, Éric Toledano",9,2023-04-26
229,tt0482571,2023-04-26,2023-04-26,,"O Grande Truque","The Prestige",https://www.imdb.com/title/tt0482571/,Filme,8.5,130,2006,"Drama, Mistério, Ficção científica, Suspense",1613417,2006-11-02,"Christopher Nolan",8,2023-04-26
230,tt0110413,2023-04-26,2023-04-26,,"O Profissional","Léon",https://www.imdb.com/title/tt0110413/,Filme,8.5,110,1994,"Ação, Policial, Drama, Suspense",1360370,1995-02-17,"Luc Besson",9,2023-04-26
231,tt0088763,2023-04-26,2023-04-26,,"De Volta para o Futuro","Back to the Future",https://www.imdb.com/title/tt0088763/,Filme,8.5,116,1985,"Aventura, Comédia, Ficção científica",1467668,1985-12-25,"Robert Zemeckis",10,2023-04-26
232,tt0407887,2023-04-26,2023-04-26,,"Os Infiltrados","The Departed",https://www.imdb.com/title/tt0407887/,Filme,8.5,151,2006,"Policial, Drama, Suspense",1569909,2006-11-10,"Martin Scorsese",8,2023-04-26
233,tt6751668,2023-04-26,2023-04-26,,"Parasita","Gisaengchung",https://www.imdb.com/title/tt6751668/,Filme,8.5,132,2019,"Drama, Suspense",1185239,2019-11-07,"Bong Joon Ho",10,2023-04-26
234,tt2582802,2023-04-26,2023-04-26,,"Whiplash: Em Busca da Perfeição","Whiplash",https://www.imdb.com/title/tt2582802/,Filme,8.5,106,2014,"Drama, Musical",1172788,2015-01-08,"Damien Chazelle",3,2023-04-26
235,tt0317248,2023-04-26,2023-04-26,,"Cidade de Deus","Cidade de Deus",https://www.imdb.com/title/tt0317248/,Filme,8.6,130,2002,"Policial, Drama",878163,2002-08-30,"Fernando Meirelles, Kátia Lund",9,2023-04-26
236,tt0120815,2023-04-26,2023-04-26,,"O Resgate do Soldado Ryan","Saving Private Ryan",https://www.imdb.com/title/tt0120815/,Filme,8.6,169,1998,"Drama, Guerra",1654583,1998-09-11,"Steven Spielberg",9,2023-04-26
237,tt0120689,2023-04-26,2023-04-26,,"À Espera de um Milagre","The Green Mile",https://www.imdb.com/title/tt0120689/,Filme,8.6,189,1999,"Policial, Drama, Fantasia, Mistério",1576818,2000-03-10,"Frank Darabont",7,2023-04-26
238,tt0102926,2023-04-26,2023-04-26,,"O Silêncio dos Inocentes","The Silence of the Lambs",https://www.imdb.com/title/tt0102926/,Filme,8.6,118,1991,"Policial, Drama, Terror, Suspense",1739872,1991-05-17,"Jonathan Demme",10,2023-04-26
239,tt0114369,2023-04-26,2023-04-26,,"Seven - Os Sete Crimes Capitais","Se7en",https://www.imdb.com/title/tt0114369/,Filme,8.6,127,1995,"Policial, Drama, Mistério, Suspense",2046282,1995-12-15,"David Fincher",9,2023-04-26
240,tt0133093,2023-04-26,2023-04-26,,"Matrix","The Matrix",https://www.imdb.com/title/tt0133093/,Filme,8.7,136,1999,"Ação, Ficção científica",2267513,1999-05-21,"Lana Wachowski, Lilly Wachowski",8,2023-04-26
241,tt0109830,2023-04-26,2023-04-26,,"Forrest Gump - O Contador de Histórias","Forrest Gump",https://www.imdb.com/title/tt0109830/,Filme,8.8,142,1994,"Drama, Romance",2521446,1994-12-07,"Robert Zemeckis",10,2023-04-26
242,tt0137523,2023-04-26,2023-04-26,,"Clube da Luta","Fight Club",https://www.imdb.com/title/tt0137523/,Filme,8.8,139,1999,"Policial, Drama, Suspense",2644387,1999-10-29,"David Fincher",9,2023-04-26
243,tt0120737,2023-04-26,2023-04-26,,"O Senhor dos Anéis: A Sociedade do Anel","The Lord of the Rings: The Fellowship of the Ring",https://www.imdb.com/title/tt0120737/,Filme,8.9,178,2001,"Aventura, Drama, Fantasia",2226102,2002-01-01,"Peter Jackson",9,2026-05-18
244,tt0110912,2023-04-26,2023-04-26,,"Pulp Fiction: Tempo de Violência","Pulp Fiction",https://www.imdb.com/title/tt0110912/,Filme,8.8,154,1994,"Policial, Drama",2456519,1995-03-03,"Quentin Tarantino",9,2023-04-26
245,tt0108052,2023-04-26,2023-04-26,,"A Lista de Schindler","Schindler's List",https://www.imdb.com/title/tt0108052/,Filme,9.0,195,1993,"Biografia, Drama, História",1596603,1994-03-11,"Steven Spielberg",10,2023-04-26
246,tt0167260,2023-04-26,2023-04-26,,"O Senhor dos Anéis: O Retorno do Rei","The Lord of the Rings: The Return of the King",https://www.imdb.com/title/tt0167260/,Filme,9.0,201,2003,"Aventura, Drama, Fantasia",2182912,2003-12-25,"Peter Jackson",8,2023-04-26
247,tt0361862,2023-04-26,2023-04-26,,"O Operário","The Machinist",https://www.imdb.com/title/tt0361862/,Filme,7.6,101,2004,"Drama, Suspense",444730,2005-01-21,"Brad Anderson",8,2023-04-26
248,tt0398808,2023-04-26,2023-04-26,,"Ponte para Terabítia","Bridge to Terabithia",https://www.imdb.com/title/tt0398808/,Filme,7.2,96,2007,"Drama, Família, Fantasia",193559,2007-03-16,"Gabor Csupo",9,2023-04-26
249,tt0092005,2023-05-06,2023-05-06,,"Conta Comigo","Stand by Me",https://www.imdb.com/title/tt0092005/,Filme,8.1,89,1986,"Aventura, Drama",492112,1986-12-19,"Rob Reiner",9,2023-05-06
250,tt1148204,2023-05-15,2023-05-15,,"A Órfã","Orphan",https://www.imdb.com/title/tt1148204/,Filme,7.0,123,2009,"Terror, Mistério, Suspense",279671,2009-09-04,"Jaume Collet-Serra",8,2023-05-15
251,tt0387564,2023-05-23,2023-05-23,,"Jogos Mortais","Saw",https://www.imdb.com/title/tt0387564/,Filme,7.6,103,2004,"Terror, Mistério, Suspense",514869,2005-02-04,"James Wan",6,2023-05-23
252,tt0117571,2023-05-23,2023-05-23,,"Pânico","Scream",https://www.imdb.com/title/tt0117571/,Filme,7.4,111,1996,"Terror, Mistério",450899,1997-01-31,"Wes Craven",8,2023-08-30
253,tt3289956,2023-06-05,2023-06-05,,"A Autópsia","The Autopsy of Jane Doe",https://www.imdb.com/title/tt3289956/,Filme,6.8,86,2016,"Terror, Mistério, Suspense",167591,2017-05-04,"André Øvredal",7,2023-06-05
254,tt1285009,2023-06-05,2023-06-05,,"Os Estranhos: Caçada Noturna","The Strangers: Prey at Night",https://www.imdb.com/title/tt1285009/,Filme,5.3,85,2018,"Terror",40702,2018-06-07,"Johannes Roberts",5,2023-06-05
255,tt0163651,2023-08-14,2023-08-14,,"American Pie: A Primeira Vez é Inesquecível","American Pie",https://www.imdb.com/title/tt0163651/,Filme,7.0,95,1999,"Comédia",471503,1999-10-29,"Paul Weitz",7,2023-08-14
256,tt6710474,2023-08-14,2023-08-14,,"Tudo em Todo Lugar ao Mesmo Tempo","Everything Everywhere All at Once",https://www.imdb.com/title/tt6710474/,Filme,7.7,139,2022,"Ação, Aventura, Comédia, Drama, Fantasia, Ficção científica",657734,2022-06-23,"Daniel Kwan, Daniel Scheinert",6,2023-08-14
257,tt6977338,2023-08-14,2023-08-14,,"Bons Meninos","Good Boys",https://www.imdb.com/title/tt6977338/,Filme,6.7,90,2019,"Aventura, Comédia",90572,2019-09-28,"Gene Stupnitsky",8,2023-08-14
258,tt0072271,2023-08-28,2023-08-28,,"O Massacre da Serra Elétrica","The Texas Chain Saw Massacre",https://www.imdb.com/title/tt0072271/,Filme,7.4,83,1974,"Terror",214585,1987-08-28,"Tobe Hooper",8,2023-08-28
259,tt0077651,2023-08-30,2023-08-30,,"Halloween - A Noite do Terror","Halloween",https://www.imdb.com/title/tt0077651/,Filme,7.7,91,1978,"Terror, Suspense",341548,1980-05-17,"John Carpenter",6,2023-08-30
260,tt21308888,2023-09-04,2023-09-04,,"Paraíso","Paradise",https://www.imdb.com/title/tt21308888/,Filme,6.3,117,2023,"Ação, Ficção científica, Suspense",25946,2023-07-27,"Boris Kunz",7,2023-09-04
261,tt0108550,2023-09-11,2023-09-11,,"Gilbert Grape: Aprendiz de Sonhador","What's Eating Gilbert Grape",https://www.imdb.com/title/tt0108550/,Filme,7.7,118,1993,"Drama",270407,1994-05-13,"Lasse Hallström",8,2023-09-11
262,tt13327038,2023-10-01,2023-10-01,,"Justiceiras","Do Revenge",https://www.imdb.com/title/tt13327038/,Filme,6.3,118,2022,"Comédia, Drama, Romance, Suspense",57745,2022-09-16,"Jennifer Kaytin Robinson",8,2023-10-01
263,tt1568346,2023-10-30,2023-10-30,,"Millennium - Os Homens que Não Amavam as Mulheres","The Girl with the Dragon Tattoo",https://www.imdb.com/title/tt1568346/,Filme,7.8,158,2011,"Policial, Drama, Mistério, Suspense",531410,2012-01-27,"David Fincher",8,2023-10-30
264,tt9243946,2023-11-04,2023-11-04,,"El Camino: Um Filme de Breaking Bad","El Camino",https://www.imdb.com/title/tt9243946/,Filme,7.3,122,2019,"Policial, Drama, Suspense",349865,2019-10-11,"Vince Gilligan",6,2023-11-04
265,tt0478970,2023-11-04,2023-11-04,,"Homem-Formiga","Ant-Man",https://www.imdb.com/title/tt0478970/,Filme,7.2,117,2015,"Ação, Comédia, Ficção científica",788975,2015-07-16,"Peyton Reed",7,2023-11-04
266,tt9114286,2023-11-04,2023-11-04,,"Pantera Negra: Wakanda para Sempre","Black Panther: Wakanda Forever",https://www.imdb.com/title/tt9114286/,Filme,6.6,161,2022,"Ação, Aventura, Drama, Ficção científica",397337,2022-11-11,"Ryan Coogler",5,2023-11-04
267,tt3480822,2023-11-04,2023-11-04,,"Viúva Negra","Black Widow",https://www.imdb.com/title/tt3480822/,Filme,6.6,134,2021,"Ação, Aventura, Ficção científica",484494,2021-07-08,"Cate Shortland",7,2023-11-04
268,tt1457767,2023-11-04,2023-11-04,,"Invocação do Mal","The Conjuring",https://www.imdb.com/title/tt1457767/,Filme,7.5,112,2013,"Terror, Mistério, Suspense",629664,2013-09-13,"James Wan",8,2023-11-04
269,tt0101272,2023-11-04,2023-11-04,,"A Família Addams","The Addams Family",https://www.imdb.com/title/tt0101272/,Filme,7.0,99,1991,"Comédia, Fantasia",202468,1991-12-20,"Barry Sonnenfeld",9,2023-11-04
270,tt0106220,2023-11-04,2023-11-04,,"A Família Addams 2","Addams Family Values",https://www.imdb.com/title/tt0106220/,Filme,6.9,94,1993,"Comédia, Fantasia",124238,1993-12-17,"Barry Sonnenfeld",7,2023-11-04
271,tt0096874,2023-11-04,2023-11-04,,"De Volta para o Futuro: Parte II","Back to the Future Part II",https://www.imdb.com/title/tt0096874/,Filme,7.8,108,1989,"Aventura, Comédia, Ficção científica",626742,1989-12-14,"Robert Zemeckis",9,2023-11-04
272,tt0099088,2023-11-04,2023-11-04,,"De Volta para o Futuro: Parte III","Back to the Future Part III",https://www.imdb.com/title/tt0099088/,Filme,7.5,118,1990,"Aventura, Comédia, Ficção científica, Faroeste",524243,1990-07-13,"Robert Zemeckis",8,2023-11-04
273,tt2407504,2023-11-05,2023-11-05,,"The Defector: Escape from North Korea","The Defector: Escape from North Korea",https://www.imdb.com/title/tt2407504/,Filme,7.3,71,2012,"Documentário",91,2012-11-18,"Ann Shin",,
274,tt0462244,2023-11-05,2023-11-05,,"Acampamento do Papai","Daddy Day Camp",https://www.imdb.com/title/tt0462244/,Filme,3.3,89,2007,"Comédia, Família",18998,2007-09-07,"Fred Savage",6,2023-11-05
275,tt0000439,2023-11-13,2023-11-13,,"O Grande Roubo do Trem","The Great Train Robbery",https://www.imdb.com/title/tt0000439/,Curta,7.2,11,1903,"Curta-Metragem, Ação, Aventura, Policial, Drama, Faroeste",22957,1904-01-10,"Edwin S. Porter",7,2023-11-13
276,tt0000417,2023-11-13,2023-11-13,,"Viagem à Lua","Le voyage dans la lune",https://www.imdb.com/title/tt0000417/,Curta,8.1,13,1902,"Curta-Metragem, Aventura, Comédia, Fantasia, Ficção científica",61542,1902-09-08,"Georges Méliès",8,2023-11-13
277,tt1196141,2023-11-14,2023-11-14,,"Diário de um Banana","Diary of a Wimpy Kid",https://www.imdb.com/title/tt1196141/,Filme,6.3,94,2010,"Comédia, Drama, Família",68086,2010-03-19,"Thor Freudenthal",8,2023-11-14
278,tt1650043,2023-11-14,2023-11-14,,"Diário de um Banana 2: Rodrick é o Cara","Diary of a Wimpy Kid: Rodrick Rules",https://www.imdb.com/title/tt1650043/,Filme,6.7,100,2011,"Comédia, Família",43960,2011-09-16,"David Bowers",7,2023-11-14
279,tt2023453,2023-11-14,2023-11-14,,"Diário de um Banana 3: Dias de Cão","Diary of a Wimpy Kid: Dog Days",https://www.imdb.com/title/tt2023453/,Filme,6.3,94,2012,"Comédia, Família",35092,2012-08-03,"David Bowers",7,2023-11-14
280,tt1285016,2023-11-14,2023-11-14,,"A Rede Social","The Social Network",https://www.imdb.com/title/tt1285016/,Filme,7.8,120,2010,"Biografia, Drama",825673,2010-12-03,"David Fincher",8,2023-11-14
281,tt1727824,2023-11-14,2023-11-14,,"Bohemian Rhapsody","Bohemian Rhapsody",https://www.imdb.com/title/tt1727824/,Filme,7.9,134,2018,"Biografia, Drama, Musical",652020,2018-11-01,"Bryan Singer",8,2023-11-14
282,tt2066051,2023-11-14,2023-11-14,,"Rocketman","Rocketman",https://www.imdb.com/title/tt2066051/,Filme,7.3,121,2019,"Biografia, Drama, Musical, Musical",211139,2019-05-30,"Dexter Fletcher",7,2023-11-14
283,tt1392170,2023-11-14,2023-11-14,,"Jogos Vorazes","The Hunger Games",https://www.imdb.com/title/tt1392170/,Filme,7.2,142,2012,"Ação, Aventura, Ficção científica, Suspense",1090145,2012-03-23,"Gary Ross",7,2023-11-14
284,tt1670345,2023-11-14,2023-11-14,,"Truque de Mestre","Now You See Me",https://www.imdb.com/title/tt1670345/,Filme,7.2,115,2013,"Policial, Mistério, Suspense",775908,2013-07-05,"Louis Leterrier",6,2023-11-14
285,tt0448157,2023-11-14,2023-11-14,,"Hancock","Hancock",https://www.imdb.com/title/tt0448157/,Filme,6.4,92,2008,"Ação, Comédia, Drama, Fantasia",542154,2008-07-04,"Peter Berg",6,2023-11-14
286,tt0116629,2023-11-14,2023-11-14,,"Independence Day","Independence Day",https://www.imdb.com/title/tt0116629/,Filme,7.0,145,1996,"Ação, Aventura, Ficção científica",652963,1996-08-01,"Roland Emmerich",8,2023-11-14
287,tt0120591,2023-11-14,2023-11-14,,"Armageddon","Armageddon",https://www.imdb.com/title/tt0120591/,Filme,6.7,151,1998,"Ação, Aventura, Ficção científica, Suspense",482314,1998-08-07,"Michael Bay",8,2023-11-14
288,tt0816711,2023-11-14,2023-11-14,,"Guerra Mundial Z","World War Z",https://www.imdb.com/title/tt0816711/,Filme,7.0,116,2013,"Ação, Aventura, Terror, Ficção científica",790890,2013-06-28,"Marc Forster",6,2023-11-14
289,tt0109686,2023-11-14,2023-11-14,,"Debi & Lóide: Dois Idiotas em Apuros","Dumb and Dumber",https://www.imdb.com/title/tt0109686/,Filme,7.3,107,1994,"Comédia",446166,1995-02-27,"Peter Farrelly",8,2023-11-14
290,tt0110475,2023-11-14,2023-11-14,,"O Máskara","The Mask",https://www.imdb.com/title/tt0110475/,Filme,7.0,101,1994,"Comédia, Policial, Fantasia",474895,1994-12-23,"Chuck Russell",6,2023-11-14
291,tt0878804,2023-11-14,2023-11-14,,"Um Sonho Possível","The Blind Side",https://www.imdb.com/title/tt0878804/,Filme,7.6,129,2009,"Biografia, Drama, Esportes",390188,2010-03-19,"John Lee Hancock",7,2023-11-14
292,tt0088847,2023-12-12,2023-12-12,,"Clube dos Cinco","The Breakfast Club",https://www.imdb.com/title/tt0088847/,Filme,7.8,97,1985,"Comédia, Drama",475705,1985-06-28,"John Hughes",8,2023-12-12
293,tt0069704,2023-12-12,2023-12-12,,"Loucuras de Verão","American Graffiti",https://www.imdb.com/title/tt0069704/,Filme,7.4,110,1973,"Comédia, Drama",106228,1973-11-22,"George Lucas",7,2023-12-12
294,tt0005945,2023-12-12,2023-12-12,,"Rags","Rags",https://www.imdb.com/title/tt0005945/,Filme,6.5,66,1915,"Drama",94,1915-08-02,"James Kirkwood",7,2023-12-12
295,tt10403420,2023-12-14,2023-12-14,,"Terrifier 2","Terrifier 2",https://www.imdb.com/title/tt10403420/,Filme,6.0,138,2022,"Terror",83933,2022-12-29,"Damien Leone",6,2023-12-14
296,tt0804497,2023-12-14,2023-12-14,,"Se Enlouquecer, Não se Apaixone","It's Kind of a Funny Story",https://www.imdb.com/title/tt0804497/,Filme,7.1,101,2010,"Comédia, Drama, Romance",152201,2011-01-28,"Anna Boden, Ryan Fleck",7,2023-12-14
297,tt0077975,2023-12-19,2023-12-19,,"Clube dos Cafajestes","National Lampoon's Animal House",https://www.imdb.com/title/tt0077975/,Filme,7.4,109,1978,"Comédia",136485,1978-10-06,"John Landis",9,2023-12-19
298,tt3450958,2023-12-19,2023-12-19,,"Planeta dos Macacos: A Guerra","War for the Planet of the Apes",https://www.imdb.com/title/tt3450958/,Filme,7.4,140,2017,"Ação, Aventura, Drama, Ficção científica, Suspense",329084,2017-08-03,"Matt Reeves",8,2023-12-19
299,tt2582496,2023-12-20,2023-12-20,,"Eu, Você e a Garota Que Vai Morrer","Me and Earl and the Dying Girl",https://www.imdb.com/title/tt2582496/,Filme,7.7,105,2015,"Comédia, Drama",145086,2015-11-05,"Alfonso Gomez-Rejon",9,2023-12-20
300,tt10640346,2024-01-08,2024-01-08,,"Babilônia","Babylon",https://www.imdb.com/title/tt10640346/,Filme,7.1,189,2022,"Comédia, Drama",208853,2023-01-19,"Damien Chazelle",10,2024-01-08
301,tt0338309,2024-01-18,2024-01-18,,"Evil - Raízes do Mal","Ondskan",https://www.imdb.com/title/tt0338309/,Filme,7.7,113,2003,"Drama",44967,2003-09-26,"Mikael Håfström",9,2024-01-18
302,tt0022913,2024-01-20,2024-01-20,,"Monstros","Freaks",https://www.imdb.com/title/tt0022913/,Filme,7.8,64,1932,"Drama, Terror",55158,1932-02-20,"Tod Browning",9,2024-01-20
303,tt2106476,2024-01-22,2024-01-22,,"A Caça","Jagten",https://www.imdb.com/title/tt2106476/,Filme,8.3,115,2012,"Drama",415263,2013-03-22,"Thomas Vinterberg",8,2024-01-22
304,tt15671028,2024-01-22,2024-01-22,,"Que Horas Eu Te Pego?","No Hard Feelings",https://www.imdb.com/title/tt15671028/,Filme,6.3,103,2023,"Comédia, Romance",220180,2023-06-15,"Gene Stupnitsky",6,2024-01-22
305,tt1631867,2024-01-22,2024-01-22,,"No Limite do Amanhã","Edge of Tomorrow",https://www.imdb.com/title/tt1631867/,Filme,7.9,113,2014,"Ação, Aventura, Ficção científica",811655,2014-05-29,"Doug Liman",7,2024-01-22
306,tt0230600,2024-01-23,2024-01-23,,"Os Outros","The Others",https://www.imdb.com/title/tt0230600/,Filme,7.6,101,2001,"Terror, Mistério, Suspense",430067,2001-11-01,"Alejandro Amenábar",9,2024-01-23
307,tt3170832,2024-01-23,2024-01-23,,"O Quarto de Jack","Room",https://www.imdb.com/title/tt3170832/,Filme,8.1,118,2015,"Drama, Suspense",483194,2016-02-18,"Lenny Abrahamson",8,2024-01-23
308,tt0364569,2024-01-24,2024-01-24,,"Oldboy","Oldeuboi",https://www.imdb.com/title/tt0364569/,Filme,8.3,120,2003,"Ação, Drama, Mistério, Suspense",727682,2024-03-23,"Park Chan-wook",6,2024-01-24
309,tt7984766,2024-01-25,2024-01-25,,"O Rei","The King",https://www.imdb.com/title/tt7984766/,Filme,7.3,140,2019,"Biografia, Drama, História, Guerra",181409,2019-11-01,"David Michôd",8,2024-01-25
310,tt11286314,2024-01-25,2024-01-25,,"Não Olhe para Cima","Don't Look Up",https://www.imdb.com/title/tt11286314/,Filme,7.1,138,2021,"Comédia, Drama, Ficção científica",677509,2021-12-24,"Adam McKay",8,2024-01-25
311,tt7395114,2024-01-25,2024-01-25,,"O Diabo de Cada Dia","The Devil All the Time",https://www.imdb.com/title/tt7395114/,Filme,7.1,138,2020,"Policial, Drama, Suspense",171938,2020-09-16,"Antonio Campos",7,2024-01-25
312,tt0332452,2024-01-25,2024-01-25,,"Troia","Troy",https://www.imdb.com/title/tt0332452/,Filme,7.3,163,2004,"Ação, Aventura",640541,2004-05-14,"Wolfgang Petersen",8,2024-01-25
313,tt5727208,2024-01-25,2024-01-25,,"Joias Brutas","Uncut Gems",https://www.imdb.com/title/tt5727208/,Filme,7.4,135,2019,"Policial, Drama, Suspense",360092,2020-01-31,"Benny Safdie, Josh Safdie",7,2024-01-25
314,tt8009428,2024-01-25,2024-01-25,,"Arremessando Alto","Hustle",https://www.imdb.com/title/tt8009428/,Filme,7.3,117,2022,"Comédia, Drama, Esportes",166346,2022-06-08,"Jeremiah Zagar",7,2024-01-25
315,tt2321549,2024-02-13,2024-02-13,,"O Babadook","The Babadook",https://www.imdb.com/title/tt2321549/,Filme,6.8,94,2014,"Drama, Terror, Mistério",271901,2014-05-22,"Jennifer Kent",4,2024-02-13
316,tt1228987,2024-02-22,2024-02-22,,"Deixe-me Entrar","Let Me In",https://www.imdb.com/title/tt1228987/,Filme,7.1,116,2010,"Drama, Fantasia, Terror, Mistério, Suspense",133774,2011-01-28,"Matt Reeves",8,2024-02-22
317,tt0454921,2024-02-22,2024-02-22,,"À Procura da Felicidade","The Pursuit of Happyness",https://www.imdb.com/title/tt0454921/,Filme,8.0,117,2006,"Biografia, Drama",627728,2007-02-02,"Gabriele Muccino",8,2024-02-22
318,tt3915174,2024-02-25,2024-02-25,,"Gato de Botas 2: O Último Pedido","Puss in Boots: The Last Wish",https://www.imdb.com/title/tt3915174/,Filme,7.9,102,2022,"Animação, Ação, Aventura, Comédia, Família, Fantasia, Faroeste",229400,2023-01-05,"Joel Crawford, Januel Mercado",9,2024-02-25
319,tt0448694,2024-02-25,2024-02-25,,"Gato de Botas","Puss in Boots",https://www.imdb.com/title/tt0448694/,Filme,6.6,90,2011,"Animação, Ação, Aventura, Comédia, Família, Fantasia",213604,2011-12-09,"Chris Miller",5,2024-02-25
320,tt0892791,2024-02-25,2024-02-25,,"Shrek Para Sempre","Shrek Forever After",https://www.imdb.com/title/tt0892791/,Filme,6.4,93,2010,"Animação, Aventura, Comédia, Família, Fantasia, Romance",248429,2010-07-09,"Mike Mitchell",6,2024-02-25
321,tt0413267,2024-02-25,2024-02-25,,"Shrek Terceiro","Shrek the Third",https://www.imdb.com/title/tt0413267/,Filme,6.1,93,2007,"Animação, Aventura, Comédia, Família, Fantasia, Romance",363693,2007-06-15,"Chris Miller, Raman Hui",7,2024-02-25
322,tt12593682,2024-02-25,2024-02-25,,"Trem-Bala","Bullet Train",https://www.imdb.com/title/tt12593682/,Filme,7.3,127,2022,"Ação, Comédia, Suspense",543869,2022-08-04,"David Leitch",8,2024-02-25
323,tt0318411,2024-02-29,2024-02-29,,"Em Nome de Deus","The Magdalene Sisters",https://www.imdb.com/title/tt0318411/,Filme,7.7,114,2002,"Drama",30169,2004-01-16,"Peter Mullan",7,2024-02-29
324,tt3235888,2024-03-03,2024-03-03,,"Corrente do Mal","It Follows",https://www.imdb.com/title/tt3235888/,Filme,6.8,100,2014,"Terror, Mistério, Suspense",302466,2015-08-27,"David Robert Mitchell",7,2024-03-03
325,tt0298203,2024-03-03,2024-03-03,,"8 Mile: Rua das Ilusões","8 Mile",https://www.imdb.com/title/tt0298203/,Filme,7.2,110,2002,"Drama, Musical",353997,2003-03-21,"Curtis Hanson",7,2024-03-03
326,tt0822832,2024-03-07,2024-03-07,,"Marley & Eu","Marley & Me",https://www.imdb.com/title/tt0822832/,Filme,7.0,111,2008,"Drama, Família",176480,2008-12-25,"David Frankel",7,2024-03-07
327,tt0151804,2024-03-07,2024-03-07,,"Como Enlouquecer seu Chefe","Office Space",https://www.imdb.com/title/tt0151804/,Filme,7.6,89,1999,"Comédia",310768,1999-04-30,"Mike Judge",8,2024-03-07
328,tt0320661,2024-03-07,2024-03-07,,"Cruzada","Kingdom of Heaven",https://www.imdb.com/title/tt0320661/,Filme,7.3,144,2005,"Ação, Aventura, Drama, História, Guerra",358923,2005-05-06,"Ridley Scott",6,2024-03-07
329,tt0116282,2024-03-08,2024-03-08,,"Fargo: Uma Comédia de Erros","Fargo",https://www.imdb.com/title/tt0116282/,Filme,8.1,98,1996,"Policial, Drama, Suspense",792602,1996-07-26,"Joel Coen, Ethan Coen",6,2024-03-08
330,tt0358273,2024-03-09,2024-03-09,,"Johnny & June","Walk the Line",https://www.imdb.com/title/tt0358273/,Filme,7.8,136,2005,"Biografia, Drama, Musical, Romance",281921,2006-02-10,"James Mangold",8,2024-03-09
331,tt3783958,2024-03-09,2024-03-09,,"La La Land: Cantando Estações","La La Land",https://www.imdb.com/title/tt3783958/,Filme,8.0,128,2016,"Comédia, Drama, Musical, Musical, Romance",772924,2017-01-19,"Damien Chazelle",9,2024-03-09
332,tt1723121,2024-03-09,2024-03-09,,"Família do Bagulho","We're the Millers",https://www.imdb.com/title/tt1723121/,Filme,7.0,110,2013,"Comédia, Policial",528582,2013-09-27,"Rawson Marshall Thurber",7,2024-03-09
333,tt1160419,2024-03-15,2024-03-15,,"Duna","Dune: Part One",https://www.imdb.com/title/tt1160419/,Filme,8.0,155,2021,"Ação, Aventura, Drama, Ficção científica",1082089,2021-10-21,"Denis Villeneuve",8,2024-03-15
334,tt0208092,2024-03-15,2024-03-15,,"Snatch - Porcos e Diamantes","Snatch",https://www.imdb.com/title/tt0208092/,Filme,8.2,104,2000,"Comédia, Policial",982259,2001-05-11,"Guy Ritchie",9,2024-03-15
335,tt13833688,2024-03-15,2024-03-15,,"A Baleia","The Whale",https://www.imdb.com/title/tt13833688/,Filme,7.6,117,2022,"Drama",308333,2023-02-23,"Darren Aronofsky",7,2024-05-30
336,tt0118971,2024-03-16,2024-03-16,,"Advogado do Diabo","The Devil's Advocate",https://www.imdb.com/title/tt0118971/,Filme,7.5,144,1997,"Drama, Fantasia, Mistério, Suspense",449922,1998-01-01,"Taylor Hackford",8,2024-03-16
337,tt17351924,2024-03-17,2024-03-17,,"Saltburn","Saltburn",https://www.imdb.com/title/tt17351924/,Filme,7.0,130,2023,"Drama, Suspense",269635,2023-12-22,"Emerald Fennell",6,2024-03-17
338,tt0790636,2024-03-17,2024-03-17,,"Clube de Compras Dallas","Dallas Buyers Club",https://www.imdb.com/title/tt0790636/,Filme,7.9,117,2013,"Biografia, Drama",551201,2013-11-22,"Jean-Marc Vallée",8,2024-03-17
339,tt0119116,2024-03-18,2024-03-18,,"O Quinto Elemento","Le cinquième élément",https://www.imdb.com/title/tt0119116/,Filme,7.6,126,1997,"Ação, Aventura, Ficção científica",549579,1997-05-23,"Luc Besson",6,2024-03-18
340,tt11097384,2024-03-18,2024-03-18,,"O Astronauta","Spaceman",https://www.imdb.com/title/tt11097384/,Filme,5.7,107,2024,"Aventura, Drama, Romance, Ficção científica",48297,2024-03-01,"Johan Renck",7,2024-03-18
341,tt0463998,2024-03-20,2024-03-20,,"Escritores da Liberdade","Freedom Writers",https://www.imdb.com/title/tt0463998/,Filme,7.6,123,2007,"Biografia, Policial, Drama",93349,2007-02-15,"Richard LaGravenese",7,2024-03-20
342,tt0000833,2024-03-20,2024-03-20,,"The Country Doctor","The Country Doctor",https://www.imdb.com/title/tt0000833/,Curta,6.4,14,1909,"Curta-Metragem, Drama",885,1909-07-08,"D.W. Griffith",8,2024-03-20
343,tt0000420,2024-03-20,2024-03-20,,"Alice no País das Maravilhas","Alice in Wonderland",https://www.imdb.com/title/tt0000420/,Curta,6.2,9,1903,"Curta-Metragem, Família, Fantasia",3213,1903-05,"Cecil M. Hepworth, Percy Stow",9,2024-02-15
344,tt0000628,2024-03-20,2024-03-20,,"As Aventuras de Dollie","Adventures of Dollie",https://www.imdb.com/title/tt0000628/,Curta,5.7,12,1908,"Curta-Metragem, Ação",1044,1908-07-14,"D.W. Griffith, G.W. Bitzer",8,2024-02-15
345,tt0002553,2024-03-20,2024-03-20,,"Um Inimigo Invisível","An Unseen Enemy",https://www.imdb.com/title/tt0002553/,Curta,6.4,17,1912,"Policial, Curta-Metragem, Suspense",1069,1912-09-09,"D.W. Griffith",7,2024-03-20
346,tt0970179,2024-03-21,2024-03-21,,"A Invenção de Hugo Cabret","Hugo",https://www.imdb.com/title/tt0970179/,Filme,7.5,126,2011,"Aventura, Drama, Família, Fantasia, Mistério",350744,2012-02-17,"Martin Scorsese",7,2024-03-21
347,tt0004707,2024-03-21,2024-03-21,,"Idilio Desfeito","Tillie's Punctured Romance",https://www.imdb.com/title/tt0004707/,Filme,6.2,82,1914,"Comédia",3932,1915-08-24,"Mack Sennett, Charles Bennett",6,2024-03-21
348,tt0208003,2024-03-22,2024-03-22,,"Vovó... Zona","Big Momma's House",https://www.imdb.com/title/tt0208003/,Filme,5.3,99,2000,"Ação, Comédia, Policial",96648,2000-06-09,"Raja Gosnell",6,2024-03-22
349,tt0003740,2024-04-09,2024-04-09,,"Cabiria","Cabiria",https://www.imdb.com/title/tt0003740/,Filme,7.1,148,1914,"Aventura, Drama, História, Guerra",4377,1914-04-18,"Giovanni Pastrone",7,2024-04-09
350,tt0002130,2024-04-09,2024-04-09,,"Inferno","L'inferno",https://www.imdb.com/title/tt0002130/,Filme,7.1,71,1911,"Aventura, Drama, Fantasia, Terror",4218,1911-03-01,"Francesco Bertolini, Adolfo Padovan, Giuseppe de Liguoro",6,2024-04-09
351,tt0816692,2024-04-26,2024-04-26,,"Interestelar","Interstellar",https://www.imdb.com/title/tt0816692/,Filme,8.7,169,2014,"Aventura, Drama, Ficção científica",2583532,2014-11-06,"Christopher Nolan",8,2024-04-26
352,tt15430628,2024-04-26,2024-04-26,,"Bons Companheiros","Long ma jing shen",https://www.imdb.com/title/tt15430628/,Filme,6.3,126,2023,"Ação, Comédia, Drama, Família",7816,2023-10-12,"Larry Yang",7,2024-04-26
353,tt1273678,2024-04-26,2024-04-26,,"Missão Quase Impossível","The Spy Next Door",https://www.imdb.com/title/tt1273678/,Filme,5.5,94,2010,"Ação, Comédia, Família",49988,2010-05-07,"Brian Levant",6,2024-04-26
354,tt0485976,2024-04-26,2024-04-26,,"Três Ladrões e um Bebê","Bo bui gai wak",https://www.imdb.com/title/tt0485976/,Filme,6.6,136,2006,"Ação, Aventura, Comédia, Policial, Drama, Família, Suspense",17182,2006-09-29,"Benny Chan",6,2024-04-26
355,tt15239678,2024-04-30,2024-04-30,,"Duna: Parte 2","Dune: Part Two",https://www.imdb.com/title/tt15239678/,Filme,8.4,166,2024,"Ação, Aventura, Drama, Ficção científica",783009,2024-02-29,"Denis Villeneuve",8,2024-04-30
356,tt3359350,2024-04-30,2024-04-30,,"Matador de Aluguel","Road House",https://www.imdb.com/title/tt3359350/,Filme,6.2,121,2024,"Ação, Drama, Suspense",189527,2024-03-21,"Doug Liman",6,2024-04-30
357,tt14230458,2024-04-30,2024-04-30,,"Pobres Criaturas","Poor Things",https://www.imdb.com/title/tt14230458/,Filme,7.7,141,2023,"Comédia, Drama, Romance, Ficção científica",419990,2024-02-01,"Yorgos Lanthimos",9,2024-07-30
358,tt21235248,2024-05-10,2024-05-10,,"Ghostbusters: Apocalipse de Gelo","Ghostbusters: Frozen Empire",https://www.imdb.com/title/tt21235248/,Filme,6.1,115,2024,"Ação, Aventura, Comédia, Fantasia, Ficção científica",107259,2024-04-11,"Gil Kenan",8,2024-05-10
359,tt0032138,2024-05-29,2024-05-29,,"O Mágico de Oz","The Wizard of Oz",https://www.imdb.com/title/tt0032138/,Filme,8.1,102,1939,"Aventura, Família, Fantasia, Musical",470947,1939-09-18,"Victor Fleming, George Cukor, Norman Taurog, Richard Thorpe, King Vidor",6,2024-05-29
360,tt4925292,2024-05-30,2024-05-30,,"Lady Bird: A Hora de Voar","Lady Bird",https://www.imdb.com/title/tt4925292/,Filme,7.4,94,2017,"Comédia, Drama",366993,2018-02-15,"Greta Gerwig",7,2024-05-30
361,tt0086250,2024-05-30,2024-05-30,,"Scarface","Scarface",https://www.imdb.com/title/tt0086250/,Filme,8.3,170,1983,"Policial, Drama",1028313,1984-05-17,"Brian De Palma",9,2024-05-30
362,tt1630029,2024-05-30,2024-05-30,,"Avatar: O Caminho da Água","Avatar: The Way of Water",https://www.imdb.com/title/tt1630029/,Filme,7.5,192,2022,"Ação, Aventura, Fantasia, Ficção científica",643557,2022-12-15,"James Cameron",6,2024-05-30
363,tt1139797,2024-05-30,2024-05-30,,"Deixa Ela Entrar","Låt den rätte komma in",https://www.imdb.com/title/tt1139797/,Filme,7.8,114,2008,"Drama, Fantasia, Terror, Romance",241155,2009-11-20,"Tomas Alfredson",7,2024-05-30
364,tt3799694,2024-06-01,2024-06-01,,"Dois Caras Legais","The Nice Guys",https://www.imdb.com/title/tt3799694/,Filme,7.4,116,2016,"Ação, Comédia, Policial, Mistério, Suspense",421906,2016-07-21,"Shane Black",7,2024-06-01
365,tt2179136,2024-07-01,2024-07-01,,"Sniper Americano","American Sniper",https://www.imdb.com/title/tt2179136/,Filme,7.3,133,2014,"Ação, Biografia, Drama, Guerra",573906,2015-02-19,"Clint Eastwood",7,2024-07-01
366,tt0057012,2024-07-04,2024-07-04,,"Dr. Fantástico","Dr. Strangelove or: How I Learned to Stop Worrying and Love the Bomb",https://www.imdb.com/title/tt0057012/,Filme,8.3,95,1964,"Comédia, Guerra",553011,1964-07-20,"Stanley Kubrick",5,2024-07-04
367,tt4244994,2024-07-15,2024-07-15,,"O Último Duelo","The Last Duel",https://www.imdb.com/title/tt4244994/,Filme,7.3,152,2021,"Drama, História, Suspense",209035,2021-10-14,"Ridley Scott",7,2024-07-15
368,tt11389872,2024-07-23,2024-07-23,,"Planeta dos Macacos: O Reinado","Kingdom of the Planet of the Apes",https://www.imdb.com/title/tt11389872/,Filme,6.8,145,2024,"Ação, Aventura, Drama, Ficção científica, Suspense",171164,2024-05-23,"Wes Ball",9,2024-07-23
369,tt12037194,2024-07-23,2024-07-23,,"Furiosa: Uma Saga Mad Max","Furiosa: A Mad Max Saga",https://www.imdb.com/title/tt12037194/,Filme,7.4,148,2024,"Ação, Aventura, Ficção científica",325211,2024-05-23,"George Miller",8,2024-07-23
370,tt1745960,2024-07-23,2024-07-23,,"Top Gun: Maverick","Top Gun: Maverick",https://www.imdb.com/title/tt1745960/,Filme,8.2,130,2022,"Ação, Drama",897814,2022-05-26,"Joseph Kosinski",8,2024-07-23
371,tt1684562,2024-07-23,2024-07-23,,"O Dublê","The Fall Guy",https://www.imdb.com/title/tt1684562/,Filme,6.8,126,2024,"Ação, Comédia, Drama, Romance",271355,2024-05-02,"David Leitch",8,2024-07-23
372,tt23289160,2024-07-23,2024-07-23,,"Godzilla Minus One","Gojira Mainasu Wan",https://www.imdb.com/title/tt23289160/,Filme,7.6,124,2023,"Ação, Aventura, Drama, Terror, Ficção científica",229046,2023-12-14,"Takashi Yamazaki",7,2024-07-23
373,tt9362722,2024-07-23,2024-07-23,,"Homem-Aranha: Através do Aranhaverso","Spider-Man: Across the Spider-Verse",https://www.imdb.com/title/tt9362722/,Filme,8.5,140,2023,"Animação, Ação, Aventura, Família, Fantasia, Ficção científica",542993,2023-06-01,"Joaquim Dos Santos, Kemp Powers, Justin K. Thompson",9,2024-07-23
374,tt15398776,2024-07-23,2024-07-23,,"Oppenheimer","Oppenheimer",https://www.imdb.com/title/tt15398776/,Filme,8.2,180,2023,"Biografia, Drama, História",1081685,2023-07-20,"Christopher Nolan",9,2024-07-23
375,tt1041829,2024-07-28,2024-07-28,,"A Proposta","The Proposal",https://www.imdb.com/title/tt1041829/,Filme,6.8,108,2009,"Comédia, Drama, Romance",401476,2009-07-10,"Anne Fletcher",8,2024-07-28
376,tt0343660,2024-07-28,2024-07-28,,"Como Se Fosse a Primeira Vez","50 First Dates",https://www.imdb.com/title/tt0343660/,Filme,6.8,99,2004,"Comédia, Drama, Romance",418896,2004-04-30,"Peter Segal",8,2024-07-28
377,tt10682266,2024-07-28,2024-07-28,,"O Halloween do Hubie","Hubie Halloween",https://www.imdb.com/title/tt10682266/,Filme,5.3,103,2020,"Comédia, Terror, Mistério",69092,2020-10-07,"Steven Brill",5,2024-07-28
378,tt1618434,2024-07-28,2024-07-28,,"Mistério no Mediterrâneo","Murder Mystery",https://www.imdb.com/title/tt1618434/,Filme,6.1,97,2019,"Policial, Mistério, Romance",192317,2019-06-14,"Kyle Newacheck",5,2024-07-28
379,tt6821012,2024-07-28,2024-07-28,,"Lá Vêm os Pais","The Week Of",https://www.imdb.com/title/tt6821012/,Filme,5.3,116,2018,"Comédia",26966,2018-04-27,"Robert Smigel",6,2024-07-28
380,tt5536736,2024-07-28,2024-07-28,,"Os Meyerowitz: Família Não Se Escolhe","The Meyerowitz Stories (New and Selected)",https://www.imdb.com/title/tt5536736/,Filme,6.9,112,2017,"Comédia, Drama",56979,2017-10-13,"Noah Baumbach",6,2024-07-28
381,tt4769836,2024-07-28,2024-07-28,,"Zerando a Vida","The Do-Over",https://www.imdb.com/title/tt4769836/,Filme,5.7,108,2016,"Ação, Aventura, Comédia, Mistério",57699,2016-05-27,"Steven Brill",6,2024-07-28
382,tt2479478,2024-07-28,2024-07-28,,"Os 6 Ridículos","The Ridiculous 6",https://www.imdb.com/title/tt2479478/,Filme,4.9,119,2015,"Ação, Aventura, Comédia, Faroeste",59179,2015-12-11,"Frank Coraci",7,2024-07-28
383,tt2120120,2024-07-28,2024-07-28,,"Pixels","Pixels",https://www.imdb.com/title/tt2120120/,Filme,5.6,105,2015,"Ação, Aventura, Comédia, Fantasia, Ficção científica, Suspense",182196,2015-04-17,"Chris Columbus",6,2024-07-28
384,tt1086772,2024-07-28,2024-07-28,,"Juntos e Misturados","Blended",https://www.imdb.com/title/tt1086772/,Filme,6.5,117,2014,"Comédia, Romance",159673,2014-07-17,"Frank Coraci",8,2024-07-28
385,tt2191701,2024-07-28,2024-07-28,,"Gente Grande 2","Grown Ups 2",https://www.imdb.com/title/tt2191701/,Filme,5.4,101,2013,"Comédia",193593,2013-08-16,"Dennis Dugan",8,2024-07-28
386,tt1232200,2024-07-28,2024-07-28,,"Este é o Meu Garoto","That's My Boy",https://www.imdb.com/title/tt1232200/,Filme,5.6,116,2012,"Comédia, Drama",123074,2012-08-17,"Sean Anders",7,2024-07-28
387,tt0810913,2024-07-28,2024-07-28,,"Cada Um tem a Gêmea que Merece","Jack and Jill",https://www.imdb.com/title/tt0810913/,Filme,3.3,91,2011,"Comédia, Família",96710,2012-02-10,"Dennis Dugan",4,2024-07-28
388,tt1564367,2024-07-28,2024-07-28,,"Esposa de Mentirinha","Just Go with It",https://www.imdb.com/title/tt1564367/,Filme,6.4,117,2011,"Comédia, Romance",292956,2011-03-04,"Dennis Dugan",8,2024-07-28
389,tt1375670,2024-07-28,2024-07-28,,"Gente Grande","Grown Ups",https://www.imdb.com/title/tt1375670/,Filme,6.0,102,2010,"Comédia",317220,2010-09-24,"Dennis Dugan",9,2024-07-28
390,tt0762107,2024-07-28,2024-07-28,,"Eu os Declaro Marido... e Larry","I Now Pronounce You Chuck & Larry",https://www.imdb.com/title/tt0762107/,Filme,5.9,115,2007,"Comédia, Romance",161778,2007-09-07,"Dennis Dugan",7,2024-07-28
391,tt0389860,2024-07-28,2024-07-28,,"Click","Click",https://www.imdb.com/title/tt0389860/,Filme,6.5,107,2006,"Comédia, Drama, Fantasia, Romance",390998,2006-08-11,"Frank Coraci",8,2024-07-28
392,tt0142342,2024-07-28,2024-07-28,,"O Paizão","Big Daddy",https://www.imdb.com/title/tt0142342/,Filme,6.5,93,1999,"Comédia, Drama",253332,1999-10-08,"Dennis Dugan",8,2024-07-28
393,tt0116483,2024-07-28,2024-07-28,,"Um Maluco no Golfe","Happy Gilmore",https://www.imdb.com/title/tt0116483/,Filme,7.0,92,1996,"Comédia, Esportes",310828,1996-05-17,"Dennis Dugan",8,2024-07-28
394,tt14225838,2024-07-28,2024-07-28,,"Eu, Capitão","Io capitano",https://www.imdb.com/title/tt14225838/,Filme,7.6,121,2023,"Aventura, Drama",18154,2024-02-29,"Matteo Garrone",8,2024-07-28
395,tt26612950,2024-07-28,2024-07-28,,"A Sala dos Professores","Das Lehrerzimmer",https://www.imdb.com/title/tt26612950/,Filme,7.4,98,2023,"Drama, Suspense",31195,2023-05-04,"Ilker Çatak",7,2024-07-28
396,tt10288566,2024-07-28,2024-07-28,,"Druk: Mais uma Rodada","Druk",https://www.imdb.com/title/tt10288566/,Filme,7.7,117,2020,"Comédia, Drama",229345,2021-03-25,"Thomas Vinterberg",8,2024-07-28
397,tt5363618,2024-07-28,2024-07-28,,"O Som do Silêncio","Sound of Metal",https://www.imdb.com/title/tt5363618/,Filme,7.7,120,2019,"Drama, Musical",187960,2020-12-04,"Darius Marder",6,2024-07-28
398,tt21064584,2024-07-30,2024-07-30,,"Garra de Ferro","The Iron Claw",https://www.imdb.com/title/tt21064584/,Filme,7.5,132,2023,"Biografia, Drama, Esportes",120997,2024-03-07,"Sean Durkin",8,2024-07-30
399,tt16277242,2024-07-30,2024-07-30,,"A Sociedade da Neve","La sociedad de la nieve",https://www.imdb.com/title/tt16277242/,Filme,7.8,144,2023,"Aventura, Biografia, Drama, História, Suspense",176429,2024-01-04,"J.A. Bayona",8,2024-07-30
400,tt9603212,2024-08-07,2024-08-07,,"Missão: Impossível - Acerto de Contas Parte Um","Mission: Impossible - Dead Reckoning Part One",https://www.imdb.com/title/tt9603212/,Filme,7.6,163,2023,"Ação, Aventura, Suspense",331078,2023-07-12,"Christopher McQuarrie",8,2024-08-07
401,tt0120586,2024-08-11,2024-08-11,,"A Outra História Americana","American History X",https://www.imdb.com/title/tt0120586/,Filme,8.5,119,1998,"Policial, Drama",1281772,1999-04-16,"Tony Kaye",10,2024-08-11
402,tt0300140,2024-08-18,2024-08-18,,"Para Sempre Lilya","Lilja 4-ever",https://www.imdb.com/title/tt0300140/,Filme,7.8,109,2002,"Policial, Drama",56189,2002-08-23,"Lukas Moodysson",9,2024-08-18
403,tt0082176,2024-08-19,2024-08-19,,"Eu, Christiane F., 13 Anos, Drogada e Prostituída","Christiane F.: Wir Kinder vom Bahnhof Zoo",https://www.imdb.com/title/tt0082176/,Filme,7.5,138,1981,"Biografia, Drama",35645,1983-04-18,"Uli Edel",8,2024-08-19
404,tt0000313,2024-08-22,2024-08-22,,"Let Me Dream Again","Let Me Dream Again",https://www.imdb.com/title/tt0000313/,Curta,5.8,1,1900,"Curta-Metragem, Comédia",924,1900-08,"George Albert Smith",8,2024-08-22
405,tt0001527,2024-08-22,2024-08-22,,"A Vingança do Cameraman","Mest kinematograficheskogo operatora",https://www.imdb.com/title/tt0001527/,Curta,7.7,12,1912,"Animação, Curta-Metragem, Comédia, Fantasia",3560,1912-10-27,"Wladyslaw Starewicz",10,2024-08-22
406,tt0003424,2024-08-22,2024-08-22,,"Suspense","Suspense",https://www.imdb.com/title/tt0003424/,Curta,7.4,10,1913,"Curta-Metragem, Drama, Terror, Suspense",2695,1913-07-06,"Phillips Smalley, Lois Weber",9,2024-08-22
407,tt6263850,2024-08-29,2024-08-29,,"Deadpool & Wolverine","Deadpool & Wolverine",https://www.imdb.com/title/tt6263850/,Filme,7.5,128,2024,"Ação, Aventura, Comédia, Ficção científica",584423,2024-07-25,"Shawn Levy",9,2024-08-29
408,tt6264654,2024-08-29,2024-08-29,,"Free Guy - Assumindo o Controle","Free Guy",https://www.imdb.com/title/tt6264654/,Filme,7.1,115,2021,"Ação, Aventura, Comédia, Fantasia, Romance, Ficção científica",494562,2021-08-19,"Shawn Levy",7,2024-08-29
409,tt1462764,2024-09-10,2024-09-10,,"Indiana Jones e a Relíquia do Destino","Indiana Jones and the Dial of Destiny",https://www.imdb.com/title/tt1462764/,Filme,6.5,154,2023,"Ação, Aventura, Ficção científica",235607,2023-06-29,"James Mangold",7,2024-09-10
410,tt6791350,2024-09-10,2024-09-10,,"Guardiões da Galáxia Vol. 3","Guardians of the Galaxy Vol. 3",https://www.imdb.com/title/tt6791350/,Filme,7.9,150,2023,"Ação, Aventura, Comédia, Fantasia, Ficção científica",481397,2023-05-04,"James Gunn",8,2024-09-10
411,tt0467406,2024-09-10,2024-09-10,,"Juno","Juno",https://www.imdb.com/title/tt0467406/,Filme,7.4,96,2007,"Comédia, Drama",574316,2008-02-22,"Jason Reitman",6,2024-09-10
412,tt1570728,2024-09-11,2024-09-11,,"Amor a Toda Prova","Crazy, Stupid, Love.",https://www.imdb.com/title/tt1570728/,Filme,7.4,118,2011,"Comédia, Drama, Romance",626022,2011-08-26,"Glenn Ficarra, John Requa",7,2024-09-11
413,tt0780504,2024-09-11,2024-09-11,,"Drive","Drive",https://www.imdb.com/title/tt0780504/,Filme,7.8,100,2011,"Ação, Drama",770502,2012-03-02,"Nicolas Winding Refn",7,2024-09-14
414,tt13210838,2024-09-14,2024-09-14,,"Magnatas do Crime","The Gentlemen",https://www.imdb.com/title/tt13210838/,Série de TV,8.0,50,2024,"Ação, Comédia, Policial",180790,2024-03-23,,8,2024-09-14
415,tt4882376,2024-09-14,2024-09-14,,"Primeiro, Mataram o Meu Pai","First They Killed My Father",https://www.imdb.com/title/tt4882376/,Filme,7.2,136,2017,"Biografia, Drama, História, Guerra",22366,2017-09-15,"Angelina Jolie",8,2024-09-14
416,tt7533152,2024-09-14,2024-09-14,,"O Menino que Descobriu o Vento","The Boy Who Harnessed the Wind",https://www.imdb.com/title/tt7533152/,Filme,7.6,113,2019,"Biografia, Drama, História",53170,2019-03-01,"Chiwetel Ejiofor",7,2024-09-14
417,tt0094721,2024-09-14,2024-09-14,,"Os Fantasmas se Divertem","Beetlejuice",https://www.imdb.com/title/tt0094721/,Filme,7.4,92,1988,"Comédia, Fantasia",420952,1988-11-10,"Tim Burton",8,2024-09-14
418,tt0250494,2024-09-15,2024-09-15,,"Legalmente Loira","Legally Blonde",https://www.imdb.com/title/tt0250494/,Filme,6.5,96,2001,"Comédia, Romance",291053,2001-11-09,"Robert Luketic",6,2024-09-15
419,tt13560574,2024-09-15,2024-09-15,,"X - A Marca da Morte","X",https://www.imdb.com/title/tt13560574/,Filme,6.5,105,2022,"Terror, Mistério, Suspense",226927,2022-07-28,"Ti West",5,2024-09-15
420,tt0112642,2024-09-15,2024-09-15,,"Gasparzinho, o Fantasminha Camarada","Casper",https://www.imdb.com/title/tt0112642/,Filme,6.2,100,1995,"Comédia, Família, Fantasia",160587,1995-06-23,"Rob Letterman, Brad Silberling",6,2024-09-15
421,tt0758758,2024-09-24,2024-09-24,,"Na Natureza Selvagem","Into the Wild",https://www.imdb.com/title/tt0758758/,Filme,8.0,148,2007,"Aventura, Biografia, Drama",698188,2008-02-22,"Sean Penn",9,2024-09-24
422,tt12747748,2024-09-30,2024-09-30,,"O Mundo Depois de Nós","Leave the World Behind",https://www.imdb.com/title/tt12747748/,Filme,6.4,138,2023,"Drama, Mistério, Suspense",245243,2023-12-08,"Sam Esmail",3,2024-09-30
423,tt22022452,2024-09-30,2024-09-30,,"Divertida Mente 2","Inside Out 2",https://www.imdb.com/title/tt22022452/,Filme,7.5,96,2024,"Animação, Aventura, Comédia, Drama, Família, Fantasia, Esportes",257575,2024-06-20,"Kelsey Mann",8,2024-09-30
424,tt0095953,2024-10-01,2024-10-01,,"Rain Man","Rain Man",https://www.imdb.com/title/tt0095953/,Filme,8.0,133,1988,"Drama",587802,1989-03-23,"Barry Levinson",9,2024-10-01
425,tt2049403,2024-10-15,2024-10-15,,"Os Fantasmas Ainda se Divertem: Beetlejuice Beetlejuice","Beetlejuice Beetlejuice",https://www.imdb.com/title/tt2049403/,Filme,6.6,105,2024,"Comédia, Fantasia, Terror",177757,2024-09-05,"Tim Burton",6,2024-10-15
426,tt4281724,2024-10-26,2024-10-26,,"Aterrorizante","Terrifier",https://www.imdb.com/title/tt4281724/,Filme,5.5,85,2016,"Terror",97151,2018-03-15,"Damien Leone",8,2024-10-26
427,tt11315808,2024-10-27,2024-10-27,,"Coringa: Delírio a Dois","Joker: Folie à Deux",https://www.imdb.com/title/tt11315808/,Filme,5.2,138,2024,"Drama, Musical, Suspense",186804,2024-10-03,"Todd Phillips",3,2024-10-27
428,tt8367814,2024-10-28,2024-10-28,,"Magnatas do Crime","The Gentlemen",https://www.imdb.com/title/tt8367814/,Filme,7.8,113,2019,"Ação, Comédia, Policial",462492,2020-04-16,"Guy Ritchie",8,2024-10-28
429,tt2543164,2024-10-29,2024-10-29,,"A Chegada","Arrival",https://www.imdb.com/title/tt2543164/,Filme,7.9,116,2016,"Drama, Mistério, Ficção científica",874331,2016-11-24,"Denis Villeneuve",8,2024-10-29
430,tt0056687,2024-10-30,2024-10-30,,"O Que Terá Acontecido a Baby Jane?","What Ever Happened to Baby Jane?",https://www.imdb.com/title/tt0056687/,Filme,8.0,134,1962,"Drama, Terror, Suspense",68143,1964-06-11,"Robert Aldrich",7,2024-10-30
431,tt0404032,2024-10-31,2024-10-31,,"O Exorcismo de Emily Rose","The Exorcism of Emily Rose",https://www.imdb.com/title/tt0404032/,Filme,6.7,119,2005,"Drama, Terror, Suspense",150170,2005-12-02,"Scott Derrickson",6,2024-10-31
432,tt0477348,2024-11-01,2024-11-01,,"Onde os Fracos Não Têm Vez","No Country for Old Men",https://www.imdb.com/title/tt0477348/,Filme,8.2,122,2007,"Policial, Drama, Suspense",1205920,2008-02-01,"Ethan Coen, Joel Coen",7,2024-11-01
433,tt27911000,2024-11-01,2024-11-01,,"Terrifier 3","Terrifier 3",https://www.imdb.com/title/tt27911000/,Filme,6.2,125,2024,"Terror",64465,2024-10-31,"Damien Leone",7,2024-11-01
434,tt0272338,2024-11-02,2024-11-02,,"Embriagado de Amor","Punch-Drunk Love",https://www.imdb.com/title/tt0272338/,Filme,7.3,95,2002,"Comédia, Drama, Romance, Suspense",198913,2003-05-16,"Paul Thomas Anderson",6,2024-11-02
435,tt0765010,2024-11-02,2024-11-02,,"Entre Irmãos","Brothers",https://www.imdb.com/title/tt0765010/,Filme,7.1,105,2009,"Drama, Suspense, Guerra",175291,2010-03-05,"Jim Sheridan",7,2024-11-02
436,tt0268978,2024-11-02,2024-11-02,,"Uma Mente Brilhante","A Beautiful Mind",https://www.imdb.com/title/tt0268978/,Filme,8.2,135,2001,"Biografia, Drama, Mistério",1060260,2002-02-15,"Ron Howard",8,2024-11-02
437,tt1899353,2024-11-02,2024-11-02,,"Operação Invasão","Serbuan maut",https://www.imdb.com/title/tt1899353/,Filme,7.6,101,2011,"Ação, Policial, Suspense",232387,2012-04-27,"Gareth Evans",10,2024-11-02
438,tt2265171,2024-11-02,2024-11-02,,"Operação Invasão 2","Serbuan maut 2: Berandal",https://www.imdb.com/title/tt2265171/,Filme,7.9,150,2014,"Ação, Policial, Suspense",140159,2014-04-11,"Gareth Evans",9,2024-11-02
439,tt2168180,2024-11-02,2024-11-02,,"Nise: O Coração da Loucura","Nise: O Coração da Loucura",https://www.imdb.com/title/tt2168180/,Filme,7.6,106,2015,"Biografia, Drama, História",2780,2016-04-21,"Roberto Berliner",9,2024-11-02
440,tt0197139,2025-01-09,2025-01-09,,"O Auto da Compadecida","O Auto da Compadecida",https://www.imdb.com/title/tt0197139/,Minissérie de televisão,9.2,38,1999,"Comédia, Drama, Fantasia, Faroeste",6748,1999-01-05,,8,2025-01-09
441,tt0271383,2025-01-09,2025-01-09,,"O Auto da Compadecida","O Auto da Compadecida",https://www.imdb.com/title/tt0271383/,Filme,8.6,104,2000,"Comédia, Drama, Fantasia, Faroeste",21924,2000-09-10,"Guel Arraes",8,2025-01-09
442,tt17526714,2025-01-10,2025-01-10,,"A Substância","The Substance",https://www.imdb.com/title/tt17526714/,Filme,7.2,141,2024,"Drama, Terror, Ficção científica",455892,2024-09-19,"Coralie Fargeat",7,2025-01-10
443,tt0074486,2025-01-23,2025-01-23,,"Eraserhead","Eraserhead",https://www.imdb.com/title/tt0074486/,Filme,7.2,89,1977,"Fantasia, Terror",145014,1978-02-03,"David Lynch",7,2025-01-23
444,tt28607951,2025-02-06,2025-02-06,,"Anora","Anora",https://www.imdb.com/title/tt28607951/,Filme,7.4,139,2024,"Comédia, Drama, Romance",301955,2025-01-23,"Sean Baker",9,2025-02-06
445,tt15435876,2025-02-07,2025-02-07,,"Pinguim","The Penguin",https://www.imdb.com/title/tt15435876/,Minissérie de televisão,8.6,60,2024,"Policial, Drama",245119,2024-09-19,,9,2026-06-27
446,tt1453159,2025-02-09,2025-02-09,,"Os Pilares da Terra","The Pillars of the Earth",https://www.imdb.com/title/tt1453159/,Minissérie de televisão,8.0,60,2010,"Drama, Romance, Suspense, Guerra",35538,2010-07-23,,9,2025-02-09
447,tt1979320,2025-03-22,2025-03-22,,"Rush: No Limite da Emoção","Rush",https://www.imdb.com/title/tt1979320/,Filme,8.1,123,2013,"Biografia, Drama, Esportes",564244,2013-09-13,"Ron Howard",9,2025-03-22
448,tt0080678,2025-03-22,2025-03-22,,"O Homem Elefante","The Elephant Man",https://www.imdb.com/title/tt0080678/,Filme,8.2,124,1980,"Biografia, Drama",283294,1981-07-20,"David Lynch",9,2026-01-02
449,tt0338013,2025-03-25,2025-03-25,,"Brilho Eterno de uma Mente sem Lembranças","Eternal Sunshine of the Spotless Mind",https://www.imdb.com/title/tt0338013/,Filme,8.3,108,2004,"Drama, Romance, Ficção científica",1191196,2004-07-23,"Michel Gondry",8,2025-03-25
450,tt17009710,2025-03-25,2025-03-25,,"Anatomia de uma Queda","Anatomie d'une chute",https://www.imdb.com/title/tt17009710/,Filme,7.6,151,2023,"Policial, Drama, Mistério, Suspense",235802,2024-01-25,"Justine Triet",6,2025-03-25
451,tt0053459,2025-03-26,2025-03-26,,"Os Olhos Sem Rosto","Les yeux sans visage",https://www.imdb.com/title/tt0053459/,Filme,7.6,90,1960,"Drama, Terror",39504,1960-01-11,"Georges Franju",9,2025-03-26
452,tt0102492,2025-03-26,2025-03-26,,"Meu Primeiro Amor","My Girl",https://www.imdb.com/title/tt0102492/,Filme,6.9,102,1991,"Comédia, Drama, Família, Romance",98921,1992-01-17,"Howard Zieff",7,2025-03-26
453,tt0401792,2025-03-26,2025-03-26,,"Sin City: A Cidade do Pecado","Sin City",https://www.imdb.com/title/tt0401792/,Filme,8.0,124,2005,"Policial, Suspense",822797,2005-07-29,"Frank Miller, Robert Rodriguez",7,2025-03-26
454,tt0800080,2025-03-26,2025-03-26,,"O Incrível Hulk","The Incredible Hulk",https://www.imdb.com/title/tt0800080/,Filme,6.6,112,2008,"Ação, Ficção científica",572055,2008-06-13,"Louis Leterrier",5,2025-03-26
455,tt11138512,2025-03-26,2025-03-26,,"O Homem do Norte","The Northman",https://www.imdb.com/title/tt11138512/,Filme,7.0,137,2022,"Ação, Aventura, Drama, Fantasia, História, Suspense",304239,2022-05-12,"Robert Eggers",6,2025-03-26
456,tt1821694,2025-03-26,2025-03-26,,"RED 2 - Aposentados e Ainda Mais Perigosos","RED 2",https://www.imdb.com/title/tt1821694/,Filme,6.6,116,2013,"Ação, Comédia, Policial, Suspense",189602,2013-08-02,"Dean Parisot",7,2025-03-26
457,tt1245526,2025-03-26,2025-03-26,,"RED: Aposentados e Perigosos","RED",https://www.imdb.com/title/tt1245526/,Filme,7.0,111,2010,"Ação, Comédia, Policial, Suspense",340288,2010-11-12,"Robert Schwentke",7,2025-03-26
458,tt0437086,2025-03-26,2025-03-26,,"Alita: Anjo de Combate","Alita: Battle Angel",https://www.imdb.com/title/tt0437086/,Filme,7.3,122,2019,"Ação, Aventura, Ficção científica, Suspense",326060,2019-02-14,"Robert Rodriguez",6,2025-03-26
459,tt4236770,2025-04-11,2025-04-11,,"Yellowstone","Yellowstone",https://www.imdb.com/title/tt4236770/,Série de TV,8.6,60,2018,"Drama, Faroeste",318444,2019-10-01,,9,2025-04-20
460,tt18925334,2025-04-21,2025-04-21,,"Pearl","Pearl",https://www.imdb.com/title/tt18925334/,Filme,7.0,103,2022,"Drama, Terror, Suspense",162711,2023-02-09,"Ti West",8,2025-04-21
461,tt0075314,2025-04-21,2025-04-21,,"Taxi Driver","Taxi Driver",https://www.imdb.com/title/tt0075314/,Filme,8.2,114,1976,"Policial, Drama",1036609,1976-03-22,"Martin Scorsese",8,2025-04-21
462,tt0099685,2025-04-24,2025-04-24,,"Os Bons Companheiros","GoodFellas",https://www.imdb.com/title/tt0099685/,Filme,8.7,145,1990,"Biografia, Policial, Drama",1405581,1990-12-21,"Martin Scorsese",9,2025-04-24
463,tt0253474,2025-04-24,2025-04-24,,"O Pianista","The Pianist",https://www.imdb.com/title/tt0253474/,Filme,8.5,150,2002,"Biografia, Drama, Musical, Guerra",1020298,2003-03-07,"Roman Polanski",8,2025-04-24
464,tt11563598,2025-04-24,2025-04-24,,"Um Completo Desconhecido","A Complete Unknown",https://www.imdb.com/title/tt11563598/,Filme,7.3,141,2024,"Biografia, Drama, Musical",121115,2025-02-27,"James Mangold",7,2025-04-24
465,tt14961016,2025-04-24,2025-04-24,,"Ainda Estou Aqui","Ainda Estou Aqui",https://www.imdb.com/title/tt14961016/,Filme,8.1,137,2024,"Biografia, Drama, História",170781,2024-11-07,"Walter Salles",7,2025-04-24
466,tt2397535,2025-04-26,2025-04-26,,"O Predestinado","Predestination",https://www.imdb.com/title/tt2397535/,Filme,7.4,97,2014,"Ação, Drama, Ficção científica, Suspense",337960,2015-02-19,"Michael Spierig, Peter Spierig",9,2025-04-26
467,tt5362988,2025-05-10,2025-05-10,,"Terra Selvagem","Wind River",https://www.imdb.com/title/tt5362988/,Filme,7.7,107,2017,"Policial, Drama, Mistério, Suspense, Faroeste",318515,2017-11-02,"Taylor Sheridan",7,2025-05-10
468,tt1375666,2025-05-10,2025-05-10,,"A Origem","Inception",https://www.imdb.com/title/tt1375666/,Filme,8.8,148,2010,"Aventura, Ficção científica, Suspense",2851625,2010-08-06,"Christopher Nolan",9,2025-05-10
469,tt2582782,2025-05-11,2025-05-11,,"A Qualquer Custo","Hell or High Water",https://www.imdb.com/title/tt2582782/,Filme,7.6,102,2016,"Policial, Drama, Suspense, Faroeste",280406,2017-02-02,"David Mackenzie",7,2025-05-11
470,tt12299608,2025-05-12,2025-05-12,,"Mickey 17","Mickey 17",https://www.imdb.com/title/tt12299608/,Filme,6.7,137,2025,"Aventura, Comédia, Fantasia, Ficção científica",257116,2025-03-06,"Bong Joon Ho",6,2025-05-12
471,tt4364194,2025-05-13,2025-05-13,,"O Falcão Manteiga de Amendoim","The Peanut Butter Falcon",https://www.imdb.com/title/tt4364194/,Filme,7.6,97,2019,"Aventura, Comédia, Drama",120707,2019-08-23,"Tyler Nilson, Michael Schwartz",7,2025-05-13
472,tt0250687,2025-05-17,2025-05-17,,"Tá Todo Mundo Louco! Uma Corrida por Milhõe$","Rat Race",https://www.imdb.com/title/tt0250687/,Filme,6.5,112,2001,"Ação, Aventura, Comédia",131396,2002-01-11,"Jerry Zucker",5,2025-05-17
473,tt4062536,2025-05-20,2025-05-20,,"Sala Verde","Green Room",https://www.imdb.com/title/tt4062536/,Filme,6.9,95,2015,"Terror, Suspense",154964,2016-05-13,"Jeremy Saulnier",8,2025-05-20
474,tt0080761,2025-05-20,2025-05-20,,"Sexta-Feira 13","Friday the 13th",https://www.imdb.com/title/tt0080761/,Filme,6.4,95,1980,"Terror, Mistério, Suspense",176275,1980-12-01,"Sean S. Cunningham",6,2025-05-20
475,tt2338151,2025-06-10,2025-06-10,,"PK","PK",https://www.imdb.com/title/tt2338151/,Filme,8.1,153,2014,"Comédia, Drama, Musical, Ficção científica",225087,2018-09-05,"Rajkumar Hirani",10,2025-06-10
476,tt0080339,2025-06-11,2025-06-11,,"Apertem os Cintos, o Piloto Sumiu","Airplane!",https://www.imdb.com/title/tt0080339/,Filme,7.7,88,1980,"Comédia",291121,1980-12-18,"Jim Abrahams, David Zucker, Jerry Zucker",9,2025-06-11
477,tt0365748,2025-06-11,2025-06-11,,"Todo Mundo Quase Morto","Shaun of the Dead",https://www.imdb.com/title/tt0365748/,Filme,7.8,99,2004,"Comédia, Terror",642930,2004-04-09,"Edgar Wright",8,2025-06-11
478,tt3901826,2025-06-11,2025-06-11,,"A Ganha-Pão","The Breadwinner",https://www.imdb.com/title/tt3901826/,Filme,7.7,94,2017,"Animação, Drama, Guerra",31140,2018-06-01,"Nora Twomey",9,2025-06-11
479,tt0091064,2025-06-12,2025-06-12,,"A Mosca","The Fly",https://www.imdb.com/title/tt0091064/,Filme,7.6,96,1986,"Drama, Terror, Ficção científica",226409,1987-04-16,"David Cronenberg",7,2025-06-12
480,tt1403981,2025-07-14,2025-07-14,,"Lembranças","Remember Me",https://www.imdb.com/title/tt1403981/,Filme,7.1,113,2010,"Drama, Romance",165267,2010-03-12,"Allen Coulter",5,2025-07-14
481,tt31193180,2025-07-20,2025-07-20,,"Pecadores","Sinners",https://www.imdb.com/title/tt31193180/,Filme,7.5,137,2025,"Terror",513263,2025-04-18,"Ryan Coogler",8,2026-03-05
482,tt26743210,2025-07-27,2025-07-27,,"Como Treinar o Seu Dragão","How to Train Your Dragon",https://www.imdb.com/title/tt26743210/,Filme,7.7,125,2025,"Ação, Aventura, Comédia, Drama, Família, Fantasia",139564,2025-06-12,"Dean DeBlois",8,2025-07-27
483,tt0265086,2025-08-05,2025-08-05,,"Falcão Negro em Perigo","Black Hawk Down",https://www.imdb.com/title/tt0265086/,Filme,7.7,144,2001,"Ação, Drama, História, Guerra",457837,2002-03-08,"Ridley Scott",7,2025-08-05
484,tt0318462,2025-08-06,2025-08-06,,"Diários de Motocicleta","Diarios de motocicleta",https://www.imdb.com/title/tt0318462/,Filme,7.7,126,2004,"Aventura, Biografia, Drama",109605,2004-05-07,"Walter Salles",7,2025-08-06
485,tt0986264,2025-08-08,2025-08-08,,"Como Estrelas na Terra","Taare Zameen Par",https://www.imdb.com/title/tt0986264/,Filme,8.3,162,2007,"Drama, Família",234932,2007-12-21,"Aamir Khan",9,2025-08-08
486,tt20561198,2025-08-09,2025-08-09,,"O Bastardo","Bastarden",https://www.imdb.com/title/tt20561198/,Filme,7.7,127,2023,"Ação, Drama, História",41562,2024-09-12,"Nikolaj Arcel",8,2025-08-09
487,tt0118789,2025-08-19,2025-08-19,,"Buffalo 66","Buffalo '66",https://www.imdb.com/title/tt0118789/,Filme,7.4,110,1998,"Comédia, Drama, Romance",67254,1998-06-26,"Vincent Gallo",6,2025-08-19
488,tt1410063,2025-08-22,2025-08-22,,"Flores do Oriente","Jin ling shi san chai",https://www.imdb.com/title/tt1410063/,Filme,7.5,146,2011,"Drama, História, Romance, Guerra",58649,2012-05-25,"Yimou Zhang",8,2025-08-22
489,tt16311594,2025-09-17,2025-09-17,,"F1: O Filme","F1",https://www.imdb.com/title/tt16311594/,Filme,7.6,155,2025,"Drama, Esportes",383913,2025-06-26,"Joseph Kosinski",8,2025-09-17
490,tt5950044,2025-09-17,2025-09-17,,"Superman","Superman",https://www.imdb.com/title/tt5950044/,Filme,7.0,129,2025,"Ação, Aventura, Ficção científica",435987,2025-07-10,"James Gunn",8,2025-09-17
491,tt20969586,2025-09-17,2025-09-17,,"Thunderbolts*","Thunderbolts*",https://www.imdb.com/title/tt20969586/,Filme,7.1,127,2025,"Ação, Aventura, Policial, Drama, Fantasia, Ficção científica",294598,2025-05-02,"Jake Schreier",7,2025-09-17
492,tt0298845,2025-11-03,2025-11-03,,"Terra de Sonhos","In America",https://www.imdb.com/title/tt0298845/,Filme,7.6,105,2002,"Drama",44457,2004-02-06,"Jim Sheridan",7,2025-11-03
493,tt0117381,2025-11-03,2025-11-03,,"As Duas Faces de um Crime","Primal Fear",https://www.imdb.com/title/tt0117381/,Filme,7.7,129,1996,"Policial, Drama, Mistério, Suspense",292970,1996-05-31,"Gregory Hoblit",8,2025-11-03
494,tt7784604,2025-11-04,2025-11-04,,"Hereditário","Hereditary",https://www.imdb.com/title/tt7784604/,Filme,7.3,127,2018,"Drama, Terror, Mistério, Suspense",465540,2018-06-21,"Ari Aster",6,2025-11-04
495,tt0087800,2025-11-04,2025-11-04,,"A Hora do Pesadelo","A Nightmare on Elm Street",https://www.imdb.com/title/tt0087800/,Filme,7.4,91,1984,"Terror",293484,1986-11-27,"Wes Craven",4,2025-11-04
496,tt3416742,2025-11-16,2025-11-16,,"O que Fazemos nas Sombras","What We Do in the Shadows",https://www.imdb.com/title/tt3416742/,Filme,7.6,86,2014,"Comédia, Terror",215016,2014-06-19,"Jemaine Clement, Taika Waititi",8,2025-11-16
497,tt0003419,2025-11-17,2025-11-17,,"O Estudante de Praga","Der Student von Prag",https://www.imdb.com/title/tt0003419/,Filme,6.4,83,1913,"Drama, Fantasia, Terror, Romance",2738,1913-08-22,"Hanns Heinz Ewers, Stellan Rye",5,2025-11-17
498,tt0004181,2025-11-17,2025-11-17,,"Judith de Betúlia","Judith of Bethulia",https://www.imdb.com/title/tt0004181/,Filme,6.2,61,1914,"Drama",1557,1914-03-08,"D.W. Griffith",6,2025-11-17
499,tt0421715,2025-11-18,2025-11-18,,"O Curioso Caso de Benjamin Button","The Curious Case of Benjamin Button",https://www.imdb.com/title/tt0421715/,Filme,7.8,166,2008,"Drama, Fantasia, Romance",751580,2009-01-16,"David Fincher",9,2025-11-18
500,tt33764258,2025-11-20,2025-11-20,,"A Odisseia","The Odyssey",https://www.imdb.com/title/tt33764258/,Filme,8.5,172,2026,"Ação, Aventura, Fantasia",375018,2026-07-16,"Christopher Nolan",,
501,tt9419884,2025-11-20,2025-11-20,,"Doutor Estranho no Multiverso da Loucura","Doctor Strange in the Multiverse of Madness",https://www.imdb.com/title/tt9419884/,Filme,6.8,126,2022,"Ação, Aventura, Fantasia, Ficção científica",553963,2022-05-06,"Sam Raimi",6,2025-11-20
502,tt4630562,2025-11-20,2025-11-20,,"Velozes & Furiosos 8","The Fate of the Furious",https://www.imdb.com/title/tt4630562/,Filme,6.6,136,2017,"Ação, Policial, Suspense",277004,2017-04-13,"F. Gary Gray",6,2025-11-20
503,tt3659388,2025-11-22,2025-11-22,,"Perdido em Marte","The Martian",https://www.imdb.com/title/tt3659388/,Filme,8.0,144,2015,"Aventura, Drama, Ficção científica",1024106,2015-10-01,"Ridley Scott",7,2025-11-22
504,tt1365050,2025-12-11,2025-12-11,,"Beasts of No Nation","Beasts of No Nation",https://www.imdb.com/title/tt1365050/,Filme,7.7,137,2015,"Drama, Guerra",91964,2015-10-16,"Cary Joji Fukunaga",9,2025-12-11
505,tt0110322,2025-12-22,2025-12-22,,"Lendas da Paixão","Legends of the Fall",https://www.imdb.com/title/tt0110322/,Filme,7.5,133,1994,"Drama, Romance, Guerra, Faroeste",201260,1995-04-13,"Edward Zwick",8,2025-12-22
506,tt0106677,2025-12-28,2025-12-28,,"Jovens, Loucos e Rebeldes","Dazed and Confused",https://www.imdb.com/title/tt0106677/,Filme,7.6,103,1993,"Comédia",218104,1994-02-10,"Richard Linklater",9,2025-12-28
507,tt2937696,2025-12-29,2025-12-29,,"Jovens, Loucos e Mais Rebeldes","Everybody Wants Some!!",https://www.imdb.com/title/tt2937696/,Filme,6.9,117,2016,"Comédia",64696,2016-04-07,"Richard Linklater",6,2025-12-29
508,tt0181875,2025-12-29,2025-12-29,,"Quase Famosos","Almost Famous",https://www.imdb.com/title/tt0181875/,Filme,7.9,122,2000,"Aventura, Comédia, Drama, Musical",316581,2001-03-23,"Cameron Crowe",8,2025-12-29
509,tt0978762,2026-01-02,2026-01-02,,"Mary e Max - Uma Amizade Diferente","Mary and Max.",https://www.imdb.com/title/tt0978762/,Filme,8.1,92,2009,"Animação, Comédia, Drama",202761,2010-04-16,"Adam Elliot",10,2026-01-02
510,tt2321405,2026-01-02,2026-01-02,,"Minha Vida de Abobrinha","Ma vie de Courgette",https://www.imdb.com/title/tt2321405/,Filme,7.8,66,2016,"Animação, Comédia, Drama",33306,2017-02-16,"Claude Barras",8,2026-01-02
511,tt0808417,2026-01-02,2026-01-02,,"Persépolis","Persepolis",https://www.imdb.com/title/tt0808417/,Filme,8.0,96,2007,"Animação, Biografia, Drama, História, Guerra",106801,2008-02-23,"Vincent Paronnaud, Marjane Satrapi",10,2026-01-02
512,tt0464141,2026-01-05,2026-01-05,,"O Orfanato","El orfanato",https://www.imdb.com/title/tt0464141/,Filme,7.4,105,2007,"Drama, Terror, Mistério, Suspense",171355,2008-03-07,"J.A. Bayona",7,2026-01-05
513,tt1029234,2026-01-10,2026-01-10,,"Mártires","Martyrs",https://www.imdb.com/title/tt1029234/,Filme,7.0,99,2008,"Terror",121920,2008-09-03,"Pascal Laugier",7,2026-01-10
514,tt23770030,2026-01-11,2026-01-11,,"Memórias de um Caracol","Memoir of a Snail",https://www.imdb.com/title/tt23770030/,Filme,7.8,94,2024,"Animação, Drama",26329,2024-10-17,"Adam Elliot",9,2026-01-11
515,tt0063350,2026-01-11,2026-01-11,,"A Noite dos Mortos-Vivos","Night of the Living Dead",https://www.imdb.com/title/tt0063350/,Filme,7.8,96,1968,"Terror, Suspense",152002,1968-10-31,"George A. Romero",7,2026-01-11
516,tt0077402,2026-01-11,2026-01-11,,"Zombie - O Despertar dos Mortos","Dawn of the Dead",https://www.imdb.com/title/tt0077402/,Filme,7.8,127,1978,"Terror, Suspense",137244,1980-09-15,"George A. Romero",7,2026-01-11
517,tt0435625,2026-01-11,2026-01-11,,"Abismo do Medo","The Descent",https://www.imdb.com/title/tt0435625/,Filme,7.2,99,2005,"Aventura, Terror, Suspense",275632,2006-09-15,"Neil Marshall",7,2026-01-11
518,tt10618286,2026-01-11,2026-01-11,,"Mank","Mank",https://www.imdb.com/title/tt10618286/,Filme,6.8,131,2020,"Biografia, Drama",105489,2020-12-04,"David Fincher",6,2026-01-11
519,tt0480025,2026-01-12,2026-01-12,,"Isto é Inglaterra","This Is England",https://www.imdb.com/title/tt0480025/,Filme,7.7,101,2006,"Policial, Drama",135818,2007-04-27,"Shane Meadows",9,2026-01-12
520,tt0093779,2026-01-26,2026-01-26,,"A Princesa Prometida","The Princess Bride",https://www.imdb.com/title/tt0093779/,Filme,8.0,98,1987,"Aventura, Comédia, Família, Fantasia, Romance",489263,1988-01-29,"Rob Reiner",9,2026-01-26
521,tt4034228,2026-01-28,2026-01-28,,"Manchester à Beira-Mar","Manchester by the Sea",https://www.imdb.com/title/tt4034228/,Filme,7.8,137,2016,"Drama",360983,2017-01-19,"Kenneth Lonergan",8,2026-01-28
522,tt33028976,2026-01-28,2026-01-28,,"731","731",https://www.imdb.com/title/tt33028976/,Filme,3.3,125,2025,"Drama, História, Terror, Suspense, Guerra",1753,2025-09-18,"Linshan Zhao",8,2026-01-28
523,tt0079470,2026-01-30,2026-01-30,,"A Vida de Brian","Monty Python's Life of Brian",https://www.imdb.com/title/tt0079470/,Filme,8.0,94,1979,"Comédia",435186,1980-05-30,"Terry Jones",5,2026-01-30
524,tt0003772,2026-02-01,2026-02-01,,"Cinderella","Cinderella",https://www.imdb.com/title/tt0003772/,Filme,6.0,52,1914,"Fantasia, Drama",1147,1914-12-28,"James Kirkwood",5,2026-02-01
525,tt0111161,2026-02-01,2026-02-01,,"Um Sonho de Liberdade","The Shawshank Redemption",https://www.imdb.com/title/tt0111161/,Filme,9.3,142,1994,"Drama",3221305,1995-03-17,"Frank Darabont",9,2026-02-01
526,tt0069762,2026-02-01,2026-02-01,,"Terra de Ninguém","Badlands",https://www.imdb.com/title/tt0069762/,Filme,7.7,94,1973,"Ação, Policial, Drama",85107,1974-01-05,"Terrence Malick",4,2026-02-01
527,tt10366460,2026-02-01,2026-02-01,,"No Ritmo do Coração","CODA",https://www.imdb.com/title/tt10366460/,Filme,8.0,111,2021,"Comédia, Drama, Musical",231125,2021-08-13,"Sian Heder",10,2026-02-01
528,tt0061395,2026-02-07,2026-02-07,,"A Bela da Tarde","Belle de jour",https://www.imdb.com/title/tt0061395/,Filme,7.6,100,1967,"Drama, Romance",53824,1967-05-24,"Luis Buñuel",5,2026-02-07
529,tt0266308,2026-02-14,2026-02-14,,"Batalha Real","Batoru Rowaiaru",https://www.imdb.com/title/tt0266308/,Filme,7.5,114,2000,"Ação, Drama, Suspense",208379,2001-05-18,"Kinji Fukasaku",8,2026-02-14
530,tt20215234,2026-03-05,2026-03-05,,"Conclave","Conclave",https://www.imdb.com/title/tt20215234/,Filme,7.4,120,2024,"Drama, Suspense",285471,2025-01-23,"Edward Berger",7,2026-03-05
531,tt3099498,2026-03-09,2026-03-09,,"Tusk: A Transformação","Tusk",https://www.imdb.com/title/tt3099498/,Filme,5.4,102,2014,"Comédia, Terror",74468,2014-09-19,"Kevin Smith",6,2026-03-09
532,tt0251736,2026-03-09,2026-03-09,,"A Casa dos 1000 Corpos","House of 1000 Corpses",https://www.imdb.com/title/tt0251736/,Filme,6.0,89,2003,"Terror",100853,2003-04-11,"Rob Zombie",6,2026-03-09
533,tt36598036,2026-03-11,2026-03-11,,"Nanjing: Luz na Escuridão","Nan Jing zhao xiang guan",https://www.imdb.com/title/tt36598036/,Filme,7.6,137,2025,"Drama, História, Guerra",3636,2025-07-25,"Ao Shen",8,2026-03-11
534,tt0347048,2026-04-14,2026-04-14,,"Contra a Parede","Gegen die Wand",https://www.imdb.com/title/tt0347048/,Filme,7.8,121,2004,"Drama, Romance",61188,2004-03-11,"Fatih Akin",7,2026-04-14
535,tt0093191,2026-04-14,2026-04-14,,"Asas do Desejo","Der Himmel über Berlin",https://www.imdb.com/title/tt0093191/,Filme,7.9,128,1987,"Drama, Fantasia, Romance",84531,1988-05-20,"Wim Wenders",6,2026-04-14
536,tt5074352,2026-04-14,2026-04-14,,"Dangal","Dangal",https://www.imdb.com/title/tt5074352/,Filme,8.3,161,2016,"Ação, Biografia, Drama, Esportes",246542,2017-10-19,"Nitesh Tiwari",9,2026-07-14
537,tt2854926,2026-04-20,2026-04-20,,"Te Peguei!","Tag",https://www.imdb.com/title/tt2854926/,Filme,6.5,100,2018,"Ação, Comédia",163262,2018-08-23,"Jeff Tomsic",7,2026-04-20
538,tt30144839,2026-04-20,2026-04-20,,"Uma Batalha Após a Outra","One Battle After Another",https://www.imdb.com/title/tt30144839/,Filme,7.6,161,2025,"Policial, Suspense",435034,2025-09-25,"Paul Thomas Anderson",5,2026-04-20
539,tt7339248,2026-04-20,2026-04-20,,"A Arte da Autodefesa","The Art of Self-Defense",https://www.imdb.com/title/tt7339248/,Filme,6.6,104,2019,"Ação, Comédia, Policial, Drama, Mistério, Suspense",43859,2020-01-17,"Riley Stearns",6,2026-04-20
540,tt1757678,2026-05-16,2026-05-16,,"Avatar: Fogo e Cinzas","Avatar: Fire and Ash",https://www.imdb.com/title/tt1757678/,Filme,7.2,197,2025,"Ação, Aventura, Drama, Fantasia, Ficção científica",202276,2025-12-19,"James Cameron",7,2026-05-16
541,tt10676052,2026-05-16,2026-05-16,,"Quarteto Fantástico: Primeiros Passos","The Fantastic Four: First Steps",https://www.imdb.com/title/tt10676052/,Filme,6.8,115,2025,"Ação, Aventura, Ficção científica",281062,2025-07-24,"Matt Shakman",7,2026-05-16
542,tt9603208,2026-05-16,2026-05-16,,"Missão: Impossível - O Acerto Final","Mission: Impossible - The Final Reckoning",https://www.imdb.com/title/tt9603208/,Filme,7.1,169,2025,"Ação, Aventura, Suspense",238005,2025-05-22,"Christopher McQuarrie",7,2026-05-16
543,tt2080374,2026-06-09,2026-06-09,,"Steve Jobs","Steve Jobs",https://www.imdb.com/title/tt2080374/,Filme,7.2,122,2015,"Biografia, Drama",187973,2016-01-14,"Danny Boyle",7,2026-06-09
544,tt14849194,2026-06-24,2026-06-24,,"Os Rejeitados","The Holdovers",https://www.imdb.com/title/tt14849194/,Filme,7.9,133,2023,"Comédia, Drama",272210,2023-11-10,"Alexander Payne",8,2026-06-24
545,tt27497448,2026-06-27,2026-06-27,,"O Cavaleiro dos Sete Reinos","A Knight of the Seven Kingdoms",https://www.imdb.com/title/tt27497448/,Série de TV,8.6,60,2026,"Aventura, Drama, Fantasia",274404,2026-01-19,,10,2026-06-27
546,tt7366338,2026-06-27,2026-06-27,,"Chernobyl","Chernobyl",https://www.imdb.com/title/tt7366338/,Minissérie de televisão,9.3,60,2019,"Drama, História, Suspense",1055515,2019-05-10,,8,2026-06-27
547,tt32916440,2026-06-27,2026-06-27,,"Marty Supreme","Marty Supreme",https://www.imdb.com/title/tt32916440/,Filme,7.6,149,2025,"Comédia, Drama, Esportes",209558,2026-01-22,"Josh Safdie",8,2026-06-27
548,tt0037884,2026-06-29,2026-06-29,,"Farrapo Humano","The Lost Weekend",https://www.imdb.com/title/tt0037884/,Filme,7.8,101,1945,"Drama, Filme noir",43533,1946-01,"Billy Wilder",9,2026-06-29
549,tt0993840,2026-07-03,2026-07-03,,"Army of the Dead: Invasão em Las Vegas","Army of the Dead",https://www.imdb.com/title/tt0993840/,Filme,5.8,148,2021,"Ação, Aventura, Policial, Drama, Terror, Ficção científica, Suspense, Guerra",202168,2021-05-21,"Zack Snyder",6,2026-07-03
550,tt23137904,2026-07-03,2026-07-03,,"Rebel Moon - Parte 2: A Marcadora de Cicatrizes","Rebel Moon - Part Two: The Scargiver",https://www.imdb.com/title/tt23137904/,Filme,5.3,122,2024,"Ação, Aventura, Drama, Fantasia, Ficção científica",64608,2024-04-19,"Zack Snyder",4,2026-07-03
551,tt14998742,2026-07-03,2026-07-03,,"Rebel Moon - Parte 1: A Menina do Fogo","Rebel Moon - Part One: A Child of Fire",https://www.imdb.com/title/tt14998742/,Filme,5.6,133,2023,"Ação, Aventura, Drama, Fantasia, Ficção científica",141798,2023-12-22,"Zack Snyder",5,2026-07-03
552,tt0974015,2026-07-03,2026-07-03,,"Liga da Justiça","Justice League",https://www.imdb.com/title/tt0974015/,Filme,6.0,120,2017,"Ficção científica",508056,2017-11-15,"Zack Snyder",5,2026-07-03
553,tt0416449,2026-07-03,2026-07-03,,"300","300",https://www.imdb.com/title/tt0416449/,Filme,7.6,117,2006,"Ação, Drama",918778,2007-03-30,"Zack Snyder",5,2026-07-03
554,tt1219342,2026-07-03,2026-07-03,,"A Lenda dos Guardiões","Legend of the Guardians: The Owls of Ga'Hoole",https://www.imdb.com/title/tt1219342/,Filme,6.9,97,2010,"Animação, Ação, Aventura, Drama, Família, Fantasia, Mistério, Suspense, Guerra",92419,2010-10-08,"Zack Snyder",8,2026-07-03
555,tt1028528,2026-07-18,2026-07-18,,"À Prova de Morte","Death Proof",https://www.imdb.com/title/tt1028528/,Filme,7.0,127,2007,"Drama, Suspense",335943,2010-07-16,"Quentin Tarantino",5,2026-07-18
556,tt32246771,2026-07-18,2026-07-18,,"Faça Ela Voltar","Bring Her Back",https://www.imdb.com/title/tt32246771/,Filme,7.1,104,2025,"Terror, Mistério",137800,2025-08-21,"Danny Philippou, Michael Philippou",9,2026-07-18
557,tt1136608,2026-07-18,2026-07-18,,"Distrito 9","District 9",https://www.imdb.com/title/tt1136608/,Filme,7.9,112,2009,"Ação, Ficção científica, Suspense",755908,2009-10-16,"Neill Blomkamp",9,2026-07-18
558,tt37287335,2026-07-20,2026-07-20,,"Obsessão","Obsession",https://www.imdb.com/title/tt37287335/,Filme,7.9,109,2025,"Terror, Romance, Suspense",308643,2026-05-14,"Curry Barker",9,2026-07-20
559,tt11378946,2026-07-20,2026-07-20,,"Michael","Michael",https://www.imdb.com/title/tt11378946/,Filme,7.4,127,2026,"Biografia, Drama, História, Musical",168071,2026-04-24,"Antoine Fuqua",7,2026-07-20
560,tt12042730,2026-07-20,2026-07-20,,"Devoradores de Estrelas","Project Hail Mary",https://www.imdb.com/title/tt12042730/,Filme,8.2,156,2026,"Aventura, Comédia, Drama, Ficção científica",494877,2026-03-20,"Phil Lord, Christopher Miller",8,2026-07-20
561,tt10799690,2026-07-20,2026-07-20,,"Boca de Fumo","Trap House",https://www.imdb.com/title/tt10799690/,Filme,5.5,101,2025,"Ação, Policial",8587,2025-12-31,"Michael Dowse",7,2026-07-20
562,tt0107048,2026-07-20,2026-07-20,,"Feitiço do Tempo","Groundhog Day",https://www.imdb.com/title/tt0107048/,Filme,8.0,101,1993,"Comédia, Drama, Fantasia, Romance",739258,1993-09-17,"Harold Ramis",7,2026-07-20
563,tt0359950,2026-07-20,2026-07-20,,"A Vida Secreta de Walter Mitty","The Secret Life of Walter Mitty",https://www.imdb.com/title/tt0359950/,Filme,7.3,114,2013,"Aventura, Comédia, Drama, Fantasia, Romance",375496,2013-12-20,"Ben Stiller",8,2026-07-20
564,tt11655202,2026-07-26,2026-07-26,,"Loucos por Justiça","Retfærdighedens ryttere",https://www.imdb.com/title/tt11655202/,Filme,7.5,116,2020,"Ação, Comédia, Drama, Suspense",77083,2021-08-30,"Anders Thomas Jensen",7,2026-07-26
565,tt0458352,2026-07-26,2026-07-26,,"O Diabo Veste Prada","The Devil Wears Prada",https://www.imdb.com/title/tt0458352/,Filme,7.0,109,2006,"Comédia, Drama",567022,2006-09-22,"David Frankel",7,2026-07-26
566,tt1454468,2026-07-26,2026-07-26,,"Gravidade","Gravity",https://www.imdb.com/title/tt1454468/,Filme,7.7,91,2013,"Drama, Ficção científica, Suspense",904120,2013-10-11,"Alfonso Cuarón",7,2026-07-26
567,tt5537002,2026-07-27,2026-07-27,,"Assassinos da Lua das Flores","Killers of the Flower Moon",https://www.imdb.com/title/tt5537002/,Filme,7.5,206,2023,"Policial, Drama, História, Faroeste",311337,2023-10-19,"Martin Scorsese",8,2026-07-27
568,tt0427340,2026-07-28,2026-07-28,,"Mestres do Universo","Masters of the Universe",https://www.imdb.com/title/tt0427340/,Filme,6.5,140,2026,"Ação, Aventura, Fantasia, Ficção científica",100184,2026-06-05,"Travis Knight",6,2026-07-28
569,tt2027178,2026-08-08,2026-08-08,,"O Homem do Futuro","O Homem do Futuro",https://www.imdb.com/title/tt2027178/,Filme,7.0,106,2011,"Aventura, Comédia, Fantasia, Romance, Ficção científica",7999,2011-09-02,"Cláudio Torres",7,2026-08-08
